-- users 테이블 삭제
DROP TABLE IF EXISTS users;

-- users 테이블 생성
CREATE TABLE users (
  user_id BIGINT AUTO_INCREMENT PRIMARY KEY,
  email VARCHAR(255) NOT NULL,
  nickname VARCHAR(255) NOT NULL,
  password VARCHAR(255),
  login_type VARCHAR(50) NOT NULL,
  is_active BOOLEAN NOT NULL DEFAULT TRUE
);

-- diagnosis, choice 테이블 삭제
DROP TABLE IF EXISTS choice;
DROP TABLE IF EXISTS diagnosis;

-- diagnosis 테이블 생성
CREATE TABLE diagnosis (
    diagnosis_id BIGINT NOT NULL AUTO_INCREMENT PRIMARY KEY,
    question TEXT NOT NULL,
    question_type VARCHAR(50) NOT NULL,
    created_dt TIMESTAMP DEFAULT CURRENT_TIMESTAMP
);

-- choice 테이블 생성
CREATE TABLE choice (
    choice_id BIGINT NOT NULL AUTO_INCREMENT PRIMARY KEY,
    choice_num INT NOT NULL,
    choice TEXT NOT NULL,
    value VARCHAR(255) NOT NULL,
    created_dt TIMESTAMP DEFAULT CURRENT_TIMESTAMP,
    diagnosis_id BIGINT NOT NULL,
    CONSTRAINT fk_choice_diagnosis FOREIGN KEY (diagnosis_id) REFERENCES diagnosis(diagnosis_id)
);

-- 공통 질문 1
INSERT INTO diagnosis (diagnosis_id, question, question_type) VALUES (1, '어느 분야에서 성장하고 싶으신가요?', 'COMMON');
INSERT INTO choice (diagnosis_id, choice_num, choice, value) VALUES
(1, 1, '프론트엔드', 'FE'),
(1, 2, '백엔드', 'BE');

-- 공통 질문 2
INSERT INTO diagnosis (diagnosis_id, question, question_type) VALUES (2, '당신이 원하는 강의 분량은 어느정도 인가요?', 'COMMON');
INSERT INTO choice (diagnosis_id, choice_num, choice, value) VALUES
(2, 1, '가볍게 1시간!', '0'),
(2, 2, '짧고 굵게 3시간!', '1'),
(2, 3, '찐득하게 5시간!', '2'),
(2, 4, '깊게 공부하는게 좋아 10시간!', '3'),
(2, 5, '나는야 공부벌레 10시간 이상!', '4');

-- 공통 질문 3
INSERT INTO diagnosis (diagnosis_id, question, question_type) VALUES (3, '한 강의에 얼마까지 투자할 생각이 있으신가요?', 'COMMON');
INSERT INTO choice (diagnosis_id, choice_num, choice, value) VALUES
(3, 1, '무료', '0'),
(3, 2, '5만원 이하', '1'),
(3, 3, '5만원 ~ 10만원', '2'),
(3, 4, '10만원 ~ 20만원', '3'),
(3, 5, '20만원 ~ 50만원', '4'),
(3, 6, '50만원 이상', '5');

-- 공통 질문 4
INSERT INTO diagnosis (diagnosis_id, question, question_type) VALUES (4, '책을 통해 공부하는 것을 좋아하시나요?', 'COMMON');
INSERT INTO choice (diagnosis_id, choice_num, choice, value) VALUES
(4, 1, '네.', 'Y'),
(4, 2, '아니오.', 'N');

-- 프론트엔드 질문 1
INSERT INTO diagnosis (diagnosis_id, question, question_type) VALUES (5, '배우고 싶은 프레임워크가 무엇인가요?', 'FE');
INSERT INTO choice (diagnosis_id, choice_num, choice, value) VALUES
(5, 1, 'React', 'React'),
(5, 2, 'Vue', 'Vue'),
(5, 3, 'Angular', 'Angular');

-- 프론트엔드 질문 2
INSERT INTO diagnosis (diagnosis_id, question, question_type) VALUES (6, '코드를 깔끔하고 일관되게 관리하는 방법(EsLint & Prettier)에 대해 배우고 싶나요?', 'FE');
INSERT INTO choice (diagnosis_id, choice_num, choice, value) VALUES
(6, 1, '네', 'Y'),
(6, 2, '아니오', 'N');

-- 프론트엔드 질문 3
INSERT INTO diagnosis (diagnosis_id, question, question_type) VALUES (7, 'UI를 깔끔하고 체계적으로 만들기 위한 디자인 시스템과 스타일링 방법을 배워보고 싶나요?', 'FE');
INSERT INTO choice (diagnosis_id, choice_num, choice, value) VALUES
(7, 1, '네', 'Y'),
(7, 2, '아니오', 'N');

-- 프론트엔드 질문 4
INSERT INTO diagnosis (diagnosis_id, question, question_type) VALUES (8, '프론트엔드 배포를 자동화하는 과정(CI/CD)에 대해 배우고 싶나요?', 'FE');
INSERT INTO choice (diagnosis_id, choice_num, choice, value) VALUES
(8, 1, '네', 'Y'),
(8, 2, '아니오', 'N');

-- 프론트엔드 질문 5
INSERT INTO diagnosis (diagnosis_id, question, question_type) VALUES (9, '컴포넌트 단위의 UI 테스트 방법론(예: Storybook, Jest + React Testing Library)을 배우고 싶나요?', 'FE');
INSERT INTO choice (diagnosis_id, choice_num, choice, value) VALUES
(9, 1, '네', 'Y'),
(9, 2, '아니오', 'N');

-- 프론트엔드 질문 6
INSERT INTO diagnosis (diagnosis_id, question, question_type) VALUES (10, '사용자의 실제 사용 흐름(E2E 테스트, Cypress 등)을 테스트하는 방법에 대해 배우고 싶나요?', 'FE');
INSERT INTO choice (diagnosis_id, choice_num, choice, value) VALUES
(10, 1, '네', 'Y'),
(10, 2, '아니오', 'N');

-- 백엔드 질문 1
INSERT INTO diagnosis (diagnosis_id, question, question_type) VALUES (11, '선호하는 프레임워크는 무엇인가요?', 'BE');
INSERT INTO choice (diagnosis_id, choice_num, choice, value) VALUES
(11, 1, 'Java/Spring', 'Java/Spring'),
(11, 2, 'Python/Flask', 'Python/Flask'),
(11, 3, 'Python/Django', 'Python/Django'),
(11, 4, 'JavaScript/Node.js', 'Js/Node'),
(11, 5, 'Kotlin/Spring', 'Kotlin/Spring');

-- 백엔드 질문 2
INSERT INTO diagnosis (diagnosis_id, question, question_type) VALUES (12, 'RDB 종류별 장단점을 학습하고 싶으신가요?', 'BE');
INSERT INTO choice (diagnosis_id, choice_num, choice, value) VALUES
(12, 1, '네', 'Y'),
(12, 2, '아니오', 'N');

-- 백엔드 질문 3
INSERT INTO diagnosis (diagnosis_id, question, question_type) VALUES (13, '쿼리 최적화, 데이터 정규화에 대해 학습하고 싶으신가요?', 'BE');
INSERT INTO choice (diagnosis_id, choice_num, choice, value) VALUES
(13, 1, '네', 'Y'),
(13, 2, '아니오', 'N');

-- 백엔드 질문 4
INSERT INTO diagnosis (diagnosis_id, question, question_type) VALUES (14, '프레임워크 라이브러리 종류를 학습하고 싶으신가요?', 'BE');
INSERT INTO choice (diagnosis_id, choice_num, choice, value) VALUES
(14, 1, '네', 'Y'),
(14, 2, '아니오', 'N');

-- 백엔드 질문 5
INSERT INTO diagnosis (diagnosis_id, question, question_type) VALUES (15, '프로젝트 운영 배포 방법을 학습하고 싶으신가요?', 'BE');
INSERT INTO choice (diagnosis_id, choice_num, choice, value) VALUES
(15, 1, '네', 'Y'),
(15, 2, '아니오', 'N');

-- roadmap, roadmap_management, subject, track 테이블 삭제
DROP TABLE IF EXISTS roadmap;
DROP TABLE IF EXISTS roadmap_management;
DROP TABLE IF EXISTS chapter;
DROP TABLE IF EXISTS subject;
DROP TABLE IF EXISTS track;



-- track(과정) 테이블 생성
CREATE TABLE track(
    track_id BIGINT NOT NULL AUTO_INCREMENT PRIMARY KEY,
    track_nm VARCHAR(255) NOT NULL,
    UNIQUE KEY uk_track (track_nm)
);

-- subject(과목) 테이블 생성
CREATE TABLE subject(
    sub_id BIGINT NOT NULL AUTO_INCREMENT PRIMARY KEY,
    sub_nm VARCHAR(255) NOT NULL,
    sub_type VARCHAR(50) NOT NULL,
    sub_essential VARCHAR(1) NOT NULL,
    base_sub_order INT NOT NULL,
    sub_overview TEXT,
    track_id BIGINT NOT NULL,
    CONSTRAINT fk_subject_track FOREIGN KEY (track_id) REFERENCES track(track_id)
);

-- roadmap_management(로드맵 관리) 테이블 생성
CREATE TABLE roadmap_management(
    roadmap_management_id BIGINT NOT NULL AUTO_INCREMENT PRIMARY KEY,
    roadmap_nm VARCHAR(255),
    roadmap_timestamp TIMESTAMP DEFAULT CURRENT_TIMESTAMP ON UPDATE CURRENT_TIMESTAMP,
    lecture_amount VARCHAR(255),
    price_level VARCHAR(255),
    user_id BIGINT NOT NULL,
    likes_books BOOLEAN,
    CONSTRAINT fk_roadmap_management_users FOREIGN KEY (user_id) REFERENCES users(user_id)
);

-- roadmap(로드맵) 테이블 생성
CREATE TABLE roadmap(
    roadmap_id BIGINT NOT NULL AUTO_INCREMENT PRIMARY KEY,
    order_sub INT NOT NULL,
    sub_id BIGINT NOT NULL,
    roadmap_management_id BIGINT NOT NULL,
    is_complete BOOLEAN NOT NULL DEFAULT FALSE,
    pre_submit_count INT NOT NULL,
    post_submit_count INT NOT NULL,
    level INT NOT NULL DEFAULT 0,
    CONSTRAINT fk_roadmap_subject FOREIGN KEY (sub_id) REFERENCES subject(sub_id),
    CONSTRAINT fk_roadmap_roadmap_management FOREIGN KEY (roadmap_management_id) REFERENCES roadmap_management(roadmap_management_id)
);

-- chapter(단원) 테이블 생성
CREATE TABLE chapter(
    chapter_id BIGINT NOT NULL AUTO_INCREMENT PRIMARY KEY,
    chapter_nm VARCHAR(255) NOT NULL,
    chapter_order INT NOT NULL,
    sub_id BIGINT NOT NULL,
    CONSTRAINT fk_chapter_subject FOREIGN KEY (sub_id) REFERENCES subject(sub_id)
);

-- track(과정) 정보 주입
INSERT INTO track (track_id, track_nm) VALUES
    (1, '기초지식'),
    (2, 'VCS'),
    (3, 'HTTP 통신 및 상태 동기화 고도화'),
    (4, 'React 기본'),
    (5, 'Vue 기본'),
    (6, 'Angular 기본'),
    (7, '디자인'),
    (8, '상태관리'),
    (9, 'React 심화'),
    (10, 'Vue 심화'),
    (11, 'Angular 심화'),
    (12, '번들링과 빌드 최적화'),
    (13, '배포 자동화 및 인프라 연계'),
    (14, '컴포넌트 테스트 방법론'),
    (15, '화면 테스트 방법론'),
    (16, 'Linux & Internet'),
    (17, 'Java'),
    (18, 'Python'),
    (19, 'JavaScript'),
    (20, 'Kotlin'),
    (21, 'SQL문'),
    (22, 'More About Database'),
    (23, 'Scaling Database'),
    (24, 'Spring & Spring Boot(Java)'),
    (25, 'Node.js & Express.js'),
    (26, 'Django'),
    (27, 'Flask'),
    (28, 'Spring & Spring Boot(Kotlin)'),
    (29, 'Java Advanced'),
    (30, 'Kotlin Advanced'),
    (31, 'Java & Kotlin Advanced'),
    (32, 'Node.js Advanced'),
    (33, 'Django Advanced'),
    (34, 'Flask Advanced');

-- subject(과목) 정보 주입
INSERT INTO subject (sub_id, sub_nm, track_id, sub_type, sub_essential, base_sub_order, sub_overview) VALUES
    (1, 'HTML', 1, 'FE', 'Y', 1, 'HTML이란? 웹페이지의 뼈대!웹사이트에서 내용을 담당해요.예를 들면, 제목, 글, 버튼, 이미지, 표 같은 걸 HTML로 만들어줍니다.마치 건물의 설계도 같다고 생각하면 돼요. 벽이 어디 있는지, 문은 어디 있는지 알려주는 거죠.'),
    (2, 'CSS', 1, 'FE', 'Y', 2, 'CSS란? 웹페이지에 스타일을 입히는 도구!색깔, 크기, 글꼴, 위치 같은 디자인 요소를 조절해요.예를 들면, 글자의 색을 바꾸거나 버튼의 모양을 다듬고,이미지 간 간격을 조정하고 배경 색을 설정할 수 있어요.마치 집 안을 꾸미는 인테리어처럼,보는 사람이 더 편하고 예쁘게 느낄 수 있도록 만드는 역할을 해요.'),
    (3, 'JavaScript', 1, 'FE', 'Y', 3, 'JavaScript란? 웹페이지를 움직이게 하는 도구!클릭, 입력, 스크롤 같은 사용자 행동에 반응하게 만들어요.예를 들면, 버튼을 누르면 팝업이 뜨거나,입력한 정보를 검사하고, 이미지가 자동으로 바뀌는 기능을 만들 수 있어요.마치 리모컨을 눌렀을 때 TV가 반응하듯,웹페이지에 동작과 반응을 더해주는 역할을 해요.'),
    (4, 'TypeScript', 1, 'FE', 'Y', 4, 'TypeScript란? 더 안전하고 체계적인 코드를 쓰게 도와주는 도구!코드를 작성할 때 변수의 타입을 미리 정해서, 실수를 줄이고 예측 가능한 코드를 만들 수 있어요.예를 들면, 숫자만 받아야 하는 자리에 문자를 넣으면 작성 단계에서 오류를 알려줘요.협업할 때 서로의 코드가 어떻게 작동하는지 쉽게 이해할 수 있도록 도와줘요.마치 도면에 치수를 적어두는 것처럼,코드에 규칙과 설명을 더해서 더 튼튼하고 믿을 수 있는 프로그램을 만들게 해줘요.'),
    (5, 'Virtual DOM', 1, 'FE', 'Y', 5, 'Virtual DOM이란? 웹페이지의 변화를 더 빠르게 처리하기 위한 가상의 화면!화면 전체를 매번 다시 그리지 않고, 변경된 부분만 똑똑하게 찾아서 업데이트해줘요.예를 들면, 리스트 하나만 바뀌었을 때 전체를 새로 그리는 대신바뀐 리스트 항목만 바꿔주는 식으로 효율적으로 작동해요.마치 복사본을 두고 비교해서 바뀐 부분만 바꿔주는 것처럼,화면 성능을 높이고 부드럽게 동작하도록 도와주는 기술이에요.'),
    (6, 'Git & GitHub', 2, 'FE', 'Y', 6, 'Git & GitHub란? 코드를 안전하게 관리하고, 함께 작업할 수 있게 해주는 도구!코드를 버전별로 저장하고, 이전 상태로 되돌리거나 여러 사람이 동시에 작업해도 충돌 없이 관리할 수 있어요.예를 들면, 실수로 코드를 잘못 고쳐도 이전 상태로 복원할 수 있고,팀원이 만든 기능을 병합하거나 비교할 수도 있어요.Git은 버전 관리 시스템,GitHub는 이 Git 저장소를 인터넷에 저장하고 협업할 수 있게 해주는 서비스라고 생각하면 돼요.'),
    (7, 'Git Hook 자동화', 2, 'FE', 'Y', 7, 'Git Hook (Husky, lint-staged) 자동화란? 코드 저장 전에 자동으로 검사하거나 정리해주는 도구!커밋하거나 푸시할 때, 코드 스타일을 체크하거나 테스트를 실행해서실수나 버그를 미리 막아주는 역할을 해요.예를 들면, 커밋 전에 코드 포맷을 자동으로 맞추거나,오류가 있는 코드는 커밋되지 않도록 차단할 수 있어요.마치 택배를 보내기 전에 포장 상태를 검사하는 것처럼,코드를 안전하게 관리하고 팀의 품질 기준을 지킬 수 있도록 도와주는 도구예요.'),
    (8, 'Axios 관리', 3, 'FE', 'Y', 8, 'Axios 인스턴스 관리, 공통 인터셉터 구성이란? API 요청을 더 효율적이고 일관되게 관리하는 방법!반복되는 설정을 줄이고, 요청이나 응답에 공통적으로 해야 할 작업을 자동으로 처리할 수 있어요.예를 들면, 모든 요청에 토큰을 자동으로 넣거나,오류가 났을 때 공통 에러 처리 로직을 한 번에 적용할 수 있어요.마치 배달을 보낼 때마다 포장, 주소, 확인 절차를 자동화하는 것처럼,코드 중복을 줄이고 안정적인 통신 흐름을 만들어주는 설정 방식이에요.'),
    (9, 'REST API', 3, 'FE', 'Y', 9, 'REST API 기반 에러 처리 / 재시도 로직이란? API 통신 중 문제가 생겼을 때, 똑똑하게 대응하는 방법!요청이 실패했을 때 사용자에게 알리고,필요하면 자동으로 다시 시도하거나 적절한 조치를 취할 수 있어요.예를 들면, 네트워크 오류로 요청이 실패하면 일정 시간 뒤 다시 보내거나,인증 오류가 나면 자동으로 로그아웃 처리하는 식이에요.마치 배달 실패 시 다시 시도하거나 고객에게 안내하는 시스템처럼,더 안정적이고 사용자 친화적인 API 통신 흐름을 만드는 데 꼭 필요한 기술이에요.'),
    (10, 'React', 4, 'FE', 'N', 10, 'React란? 웹페이지를 빠르고 효율적으로 만들 수 있게 도와주는 JavaScript 라이브러리!화면을 여러 개의 컴포넌트로 나누어 관리하고,데이터가 바뀌면 필요한 부분만 다시 그려줘요.예를 들면, 버튼을 누르면 숫자가 증가하거나,리스트가 자동으로 갱신되는 인터페이스를 쉽게 만들 수 있어요.마치 블록처럼 조각을 쌓아 올리듯 화면을 구성하고,변화에 빠르게 반응하는 인터랙티브한 웹앱을 만들 수 있는 도구예요.'),
    (11, 'Redux', 4, 'FE', 'N', 11, 'Redux란? 복잡한 상태(state)를 한 곳에서 깔끔하게 관리해주는 도구!여러 컴포넌트들이 사용하는 데이터를 중앙에서 모아서 관리하고,필요할 때만 정확하게 바꿔줘요.예를 들면, 로그인 상태, 장바구니 정보, 알림 같은 걸 앱 전체에서 공유하고 업데이트할 수 있어요.마치 중앙 창고에서 필요한 물건을 꺼내 쓰고 바꾸는 것처럼,예측 가능한 방식으로 상태를 관리해서 큰 규모의 앱도 안정적으로 만들 수 있어요.'),
    (12, 'Zustand', 4, 'FE', 'N', 12, 'Zustand란? 가볍고 간단하게 상태를 관리할 수 있는 상태 관리 라이브러리!코드가 적고 구조가 단순해서, 빠르게 사용할 수 있고필요한 데이터만 골라서 효율적으로 관리할 수 있어요.예를 들면, 버튼 클릭으로 숫자를 바꾸거나,로그인 상태를 여러 컴포넌트에서 쉽게 공유할 수 있어요.마치 작은 도구 상자처럼 꼭 필요한 기능만 담겨 있어서,리액트 앱의 상태를 부담 없이 관리할 수 있는 실용적인 도구예요.'),
    (13, 'Vue', 5, 'FE', 'N', 13, 'Vue란? 직관적이고 빠르게 웹 인터페이스를 만들 수 있는 프론트엔드 프레임워크!HTML, CSS, JavaScript를 함께 사용해 화면을 구성하고 데이터와 연결하는 작업을 쉽게 할 수 있어요.예를 들면, 입력한 내용을 화면에 바로 보여주거나,버튼 클릭에 따라 리스트가 자동으로 바뀌는 기능을 간단하게 만들 수 있어요.마치 조립식 블록처럼 구조가 명확하고 유연해서,초보자도 쉽게 배우고, 복잡한 앱도 빠르게 개발할 수 있는 도구예요.'),
    (14, 'Vuex & Pinia', 5, 'FE', 'N', 14, 'Vuex & Pinia란? Vue 앱에서 상태를 체계적으로 관리하기 위한 도구들이에요!Vuex는 **중앙 저장소(store)**를 통해 모든 컴포넌트가 공유하는 데이터를 관리하고,Pinia는 이를 더 간단하고 직관적으로 사용할 수 있도록 도와주는 경량 도구예요.예를 들면, 로그인 정보, 사용자 설정, 장바구니처럼 여러 컴포넌트에서 함께 사용하는 데이터를한 곳에 모아서 변경하고 추적할 수 있어요. 마치 모든 정보를 기록하는 하나의 통제 센터처럼,Vue 애플리케이션을 예측 가능하고 안정적으로 유지해주는 역할을 해요.'),
    (15, 'Angular', 6, 'FE', 'N', 15, 'Angular란? 대규모 웹 애플리케이션을 체계적으로 만들 수 있는 프레임워크! 컴포넌트 기반 구조와 강력한 타입 시스템, 모듈, 라우팅, 폼, HTTP 처리까지웹 개발에 필요한 기능을 하나의 도구로 통합해서 제공해요. 예를 들면, 사용자 인증, 데이터 처리, 화면 전환 등 복잡한 기능들을 분리된 구성으로 깔끔하게 관리할 수 있어요. 마치 잘 정리된 설계도와 작업 도구가 모두 갖춰진 공장처럼, 복잡한 웹앱을 안정적이고 효율적으로 개발할 수 있게 도와주는 프레임워크예요.'),
    (16, 'NgRx', 6, 'FE', 'N', 16, 'NgRx란? Angular에서 애플리케이션의 상태를 일관되게 관리할 수 있도록 도와주는 라이브러리! Redux 패턴을 기반으로 해서, 액션(action), 리듀서(reducer), 스토어(store)를 통해상태의 흐름을 예측 가능하고 체계적으로 관리할 수 있어요. 예를 들면, 사용자 정보, 알림 상태, 페이지 전환 등앱 전체에서 공유되는 데이터를 한 곳에서 처리하고 추적할 수 있어요. 마치 중앙 지휘본부에서 모든 정보를 받아 분석하고 지시하는 것처럼, 복잡한 Angular 앱의 상태를 명확하게 관리해주는 강력한 도구예요.'),
    (17, 'Storybook', 7, 'FE', 'N', 17, '컴포넌트 디자인 시스템 (Storybook)이란? 컴포넌트를 독립적으로 만들고, 테스트하고, 문서화할 수 있는 도구! UI 컴포넌트를 실제 화면처럼 하나씩 확인하고 조작해보면서, 디자인과 기능이 제대로 작동하는지 쉽게 검토할 수 있어요. 예를 들면, 버튼, 카드, 모달 같은 컴포넌트를 페이지와 분리해서 개발하고, 다양한 상태나 테마로 미리보기할 수 있어요. 마치 부품을 미리 조립해보는 전시 공간처럼, 컴포넌트를 체계적으로 관리하고 재사용성을 높여주는 개발 환경이에요.'),
    (18, 'Tailwind CSS', 7, 'FE', 'N', 18, 'Tailwind CSS란? 클래스 이름만으로 빠르게 스타일을 적용할 수 있는 유틸리티 기반 CSS 프레임워크!미리 정의된 클래스들을 조합해서 디자인을 만들 수 있어서,별도로 CSS 파일을 작성하지 않고도 바로 스타일링할 수 있어요.예를 들면, bg-blue-500, text-center, p-4 같은 클래스를 조합해서배경색, 정렬, 여백을 한눈에 설정할 수 있어요. 마치 레고 블록을 조립하듯 필요한 스타일만 골라 붙이는 방식이라서, 반응형 디자인과 빠른 개발에 특히 유용한 도구예요.'),
    (19, 'SCSS', 7, 'FE', 'N', 19, 'SCSS란? CSS를 더 편리하고 체계적으로 작성할 수 있게 도와주는 스타일 확장 문법!중첩, 변수, 함수, 반복문 같은 기능을 활용해서 복잡한 스타일도 재사용 가능하고 깔끔하게 관리할 수 있어요.예를 들면, 색상 값을 변수로 저장하거나,버튼 스타일을 한 번에 정의해서 여러 곳에서 쓸 수 있어요.마치 정리된 노트처럼 규칙 있고 효율적인 방식으로 스타일을 관리할 수 있게 해주는 도구예요.'),
    (20, 'styled', 7, 'FE', 'N', 20, 'styled란? JavaScript 코드 안에서 스타일을 바로 작성할 수 있게 해주는 CSS-in-JS 도구! 컴포넌트 단위로 스타일을 만들 수 있어서, 디자인과 기능을 하나로 묶어 재사용성과 유지보수성을 높일 수 있어요. 예를 들면, styled.button을 만들어서 버튼 스타일을 설정하고, 필요한 곳에 불러와서 바로 사용할 수 있어요. 마치 디자인과 코드를 하나의 부품처럼 함께 관리하는 방식이라서, React 개발에 특히 잘 어울리는 스타일링 도구예요.'),
    (21, 'EsLint & Prettier', 8, 'FE', 'N', 21, 'ESLint & Prettier란? 코드의 품질과 스타일을 자동으로 검사하고 정리해주는 도구! ESLint는 코드에서 잘못된 문법이나 위험한 패턴을 찾아내고, Prettier는 들여쓰기, 줄바꿈, 공백 같은 스타일을 자동으로 정리해줘요. 예를 들면, 세미콜론이 빠졌거나, 들여쓰기가 틀렸을 때 자동으로 수정하거나 경고를 띄워줘서 실수를 줄일 수 있어요. 마치 글을 쓰기 전에 맞춤법 검사기와 문장 정리기를 함께 사용하는 것처럼, 코드를 더 깔끔하고 일관되게 유지해주는 필수 개발 도구예요.'),
    (22, 'Next.js', 9, 'FE', 'N', 22, 'Next.js란? 빠르고 효율적인 웹앱을 만들 수 있게 해주는 React 기반 프레임워크! 정적 사이트 생성(SSG), 서버 사이드 렌더링(SSR), 라우팅, API 구성 같은 기능이 기본으로 제공돼요. 예를 들면, 페이지를 미리 만들어 빠르게 보여주거나, 사용자 요청에 따라 서버에서 데이터를 받아 동적으로 화면을 그릴 수 있어요. 마치 기능이 갖춰진 올인원 개발 도구 세트처럼, 복잡한 설정 없이도 강력한 웹 서비스를 빠르게 개발할 수 있는 프레임워크예요.'),
    (23, 'React 렌더링', 9, 'FE', 'N', 23, 'React 렌더링 최적화란? 불필요한 컴포넌트 렌더링을 줄여서 앱을 더 빠르게 만드는 방법! React.memo, useMemo, useCallback 같은 기능을 활용하면 변경이 없는 부분은 다시 그리지 않고, 계산 비용이 큰 작업도 효율적으로 처리할 수 있어요. 예를 들면, 같은 props를 가진 컴포넌트를 다시 그리지 않거나, 계산된 값을 기억해서 다시 계산하지 않게 할 수 있어요. 마치 필요한 부분만 다시 고치는 스마트한 설계 방식처럼, 성능을 높이고 렌더링을 효율적으로 관리하는 데 꼭 필요한 기술이에요.'),
    (24, 'React Query 심화', 9, 'FE', 'N', 24, 'React Query 심화란? 데이터를 똑똑하게 미리 불러오고, 효율적으로 갱신할 수 있는 고급 기술! Prefetch로 사용자가 보기 전에 데이터를 미리 준비하고, Query Keys로 요청을 구분하고 관리하며, Invalidation으로 필요한 시점에 데이터를 자동으로 다시 가져올 수 있어요. 예를 들면, 목록 화면에서 상세 정보를 미리 받아두거나, 수정 후 자동으로 데이터를 새로 고치는 기능을 쉽게 구현할 수 있어요. 마치 냉장고에 미리 음식을 채워두고, 바뀐 재료만 새로 담는 것처럼, 사용자 경험을 끊김 없이 유지하고 네트워크 요청을 최적화할 수 있는 기술이에요.'),
    (25, 'Vue Test Utils', 10, 'FE', 'N', 25, 'Vue Test Utils란? Vue 컴포넌트를 테스트할 수 있도록 도와주는 공식 테스트 도구! 컴포넌트를 렌더링하고, 내부 동작을 검사하거나 사용자 이벤트를 시뮬레이션할 수 있어요. 예를 들면, 버튼 클릭 시 이벤트가 잘 작동하는지 확인하거나, 전달된 props에 따라 화면이 올바르게 바뀌는지를 테스트할 수 있어요. 마치 부품 하나하나를 따로 꺼내서 기능을 점검하는 검사 장비처럼, Vue 컴포넌트의 동작을 정확하고 안정적으로 검증할 수 있게 해주는 도구예요.'),
    (26, 'Nuxt.js', 10, 'FE', 'N', 26, 'Nuxt.js란? Vue 기반의 웹 애플리케이션을 더 빠르고 쉽게 만들 수 있게 해주는 프레임워크! 페이지 라우팅, 서버 사이드 렌더링(SSR), 정적 사이트 생성(SSG) 등 복잡한 설정 없이도 강력한 기능을 바로 사용할 수 있어요. 예를 들면, 파일만 만들어도 자동으로 라우팅되고, SEO에 유리한 방식으로 페이지를 미리 렌더링할 수 있어요. 마치 기본 기능이 잘 갖춰진 웹 개발 전용 템플릿처럼, Vue로 만들 수 있는 프로젝트를 더 효율적이고 확장성 있게 개발할 수 있게 해주는 도구예요.'),
    (27, 'Angular Universal', 11, 'FE', 'N', 27, 'Angular Universal이란? Angular 애플리케이션을 서버에서 먼저 렌더링해주는 도구! 브라우저가 아닌 서버에서 HTML을 먼저 만들어서 사용자에게 빠르게 보여주고, 검색 엔진(SEO)에도 잘 노출될 수 있도록 도와줘요. 예를 들면, 사용자가 페이지를 열었을 때 화면이 바로 보이고, 뒤늦게 Angular가 연결되어 상호작용이 이어지는 구조예요. 마치 공장에서 미리 조립된 제품을 바로 전달하는 것처럼, 초기 로딩 속도와 검색 최적화에 강한 Angular 전용 서버 사이드 렌더링 기술이에요.'),
    (28, 'Jasmine', 11, 'FE', 'N', 28, 'Jasmine이란? Angular 애플리케이션의 기능이 제대로 동작하는지 확인할 수 있게 해주는 테스트 프레임워크! 함수나 컴포넌트의 결과가 예상대로 나오는지 자동으로 검사할 수 있어요. 테스트 코드를 통해 버그를 줄이고, 리팩터링도 더 안전하게 할 수 있어요. 예를 들면, 특정 함수가 정확한 값을 반환하는지, 버튼 클릭 시 원하는 동작이 일어나는지를 미리 확인할 수 있어요. 마치 기계를 출고하기 전에 작동 여부를 테스트하는 품질 검사 도구처럼, Angular 코드의 신뢰성과 안정성을 높여주는 중요한 테스트 도구예요.'),
    (29, 'Webpack 개념과 설정', 12, 'FE', 'Y', 29, 'Webpack이란? 웹 애플리케이션에서 사용하는 파일들을 하나로 묶어주는 모듈 번들러! HTML, CSS, JavaScript, 이미지 같은 자원들을 의존성에 따라 정리하고, 브라우저가 효율적으로 로딩할 수 있게 하나로 패키징해줘요. 예를 들면, 여러 개의 JS 파일을 하나로 합치거나, 코드를 압축하고, 필요할 때만 불러오도록 설정할 수 있어요. 마치 여러 자재를 정리해서 하나의 박스로 포장하는 공정처럼, 웹 프로젝트를 최적화하고 배포하기 좋게 만들어주는 핵심 도구예요.'),
    (30, '빌드/배포 자동화', 13, 'FE', 'N', 30, 'GitHub Actions로 빌드/배포 자동화란? 코드가 변경될 때마다 자동으로 테스트하고, 빌드하고, 배포까지 해주는 자동화 도구!정해진 조건에 따라 작업이 자동으로 실행되기 때문에 수작업 없이도 일관된 개발과 배포 환경을 유지할 수 있어요. 예를 들면, 코드를 푸시하면 테스트가 돌고, 빌드가 완료되면 서버에 자동으로 배포되도록 설정할 수 있어요. 마치 공장 자동화 시스템처럼 정해진 순서로 작업이 척척 진행되게 만들어주는 도구로, 지속적인 통합(CI)과 지속적인 배포(CD)를 손쉽게 구현할 수 있어요.'),
    (31, '프론트엔드 앱 배포', 13, 'FE', 'N', 31, 'Dockerize된 프론트엔드 앱 배포란? 프론트엔드 애플리케이션을 Docker로 감싸서 어디서든 쉽게 실행하고 배포할 수 있게 만드는 방법! 앱을 Nginx 같은 웹 서버에 올리고, Docker 이미지로 만들면 환경에 상관없이 동일한 방식으로 실행할 수 있어요. 예를 들면, React나 Vue 앱을 빌드한 후 Nginx에 연결하고, 이걸 하나의 Docker 이미지로 만들어서 서버나 클라우드에 배포할 수 있어요. 마치 앱을 하나의 컨테이너에 담아 포장한 후 어떤 환경에서도 똑같이 꺼내 쓸 수 있게 만드는 것처럼, 배포 속도와 안정성을 높여주는 현대적인 프론트엔드 배포 방식이에요.'),
    (32, 'AWS S3 + CloudFront 배포', 13, 'FE', 'N', 32, 'AWS S3 + CloudFront 기반 SPA 배포란? 정적 웹 애플리케이션(SPA)을 빠르고 안정적으로 전 세계에 배포하는 방법! S3에 앱 파일을 저장하고, CloudFront를 통해 전 세계 사용자에게 빠르게 전달할 수 있어요. 예를 들면, React나 Vue로 만든 앱을 S3에 업로드하고, CloudFront를 통해 CDN으로 연결하면 지연 없이 콘텐츠를 제공할 수 있어요. 마치 전 세계에 배포 센터를 두고 가장 가까운 곳에서 파일을 꺼내주는 구조처럼, SPA를 빠르고 안정적으로 서비스할 수 있는 클라우드 배포 방식이에요.'),
    (33, 'Component Test', 14, 'FE', 'N', 33, 'Unit Test, Snapshot Test, Integration Test란? 코드가 의도한 대로 작동하는지 다양한 수준에서 확인하는 테스트 기법들이에요! Unit Test는 함수나 컴포넌트 하나만 따로 검사하고, Snapshot Test는 출력 결과가 이전과 같은지 자동으로 비교하며, Integration Test는 여러 기능이 함께 잘 작동하는지를 확인해요. 예를 들면, 버튼 클릭 시 동작하는 함수만 테스트하거나, 컴포넌트가 렌더링하는 HTML이 바뀌지 않았는지를 체크하거나, 로그인 → 페이지 이동 흐름까지 전체를 점검할 수 있어요. 마치 부품 테스트, 조립 상태 확인, 실제 작동 테스트를 모두 거치는 품질 검증 과정처럼, 안정적이고 신뢰할 수 있는 코드를 만들기 위한 중요한 개발 절차예요.'),
    (34, 'Visual Test', 15, 'FE', 'N', 34, 'E2E Test, Visual Regression Test란? 앱의 모든 흐름이 실제 사용자처럼 잘 작동하는지, 화면이 이상 없이 보이는지 확인하는 테스트 방법이에요! E2E 테스트는 사용자가 버튼을 클릭하거나 페이지를 이동하는 과정을 자동화된 시나리오로 실행해보고, Visual Regression 테스트는 UI가 예전과 달라진 부분이 없는지 화면을 이미지로 비교해요. 예를 들면, 로그인 → 상품 선택 → 결제 완료까지의 과정을 자동으로 따라가며 검증하거나, 디자인이 바뀌었는지 픽셀 단위로 비교해서 알려줄 수 있어요. 마치 사람처럼 앱을 실제로 사용해보고, 화면을 눈으로 비교하는 것처럼, 전체 동작과 시각적인 완성도를 함께 검증할 수 있는 고급 테스트 방식이에요.'),
    (35, 'Linux', 16, 'BE', 'Y', 1, '리눅스 명령어란? 터미널에서 직접 컴퓨터를 조작할 수 있게 해주는 텍스트 기반의 도구! 파일 생성, 복사, 이동부터 시스템 관리, 프로세스 확인, 서버 설정까지 명령어 한 줄로 다양한 작업을 빠르고 정확하게 수행할 수 있어요. 예를 들면, ls로 폴더 목록을 확인하고, cd로 위치를 옮기거나, chmod, ps, top 같은 명령어로 권한과 시스템 상태를 관리할 수 있어요. 마치 명령 센터에서 키워드 하나로 기계를 제어하듯, 개발과 운영 환경에서 효율적이고 강력한 제어력을 제공해주는 기본 도구예요.'),
    (36, '인터넷 & 네트워크', 16, 'BE', 'Y', 2, 'HTTP, HTTPS, DNS, TCP/IP 기본 개념이란? 인터넷이 어떻게 작동하는지를 이해하는 데 꼭 필요한 핵심 네트워크 개념들이에요! HTTP/HTTPS는 웹에서 정보를 주고받는 방식이고, DNS는 사람이 기억하기 쉬운 주소(도메인)를 숫자 IP로 바꿔주는 시스템이며, TCP/IP는 데이터가 안전하고 정확하게 목적지에 도착하도록 돕는 전달 규칙이에요. 예를 들면, 브라우저에 주소를 입력하면 DNS가 서버를 찾아주고, HTTP가 서버에 요청을 보내고, TCP/IP가 그 데이터를 안정적으로 전달해줘요. 마치 우편 주소를 찾아 편지를 보내고, 정확히 배달되는 전체 과정처럼, 웹과 앱이 원활하게 통신할 수 있도록 돕는 기본 원리들이에요.'),
    (37, 'Git & GitHub', 2, 'BE', 'Y', 3, 'Git & GitHub란? 코드를 안전하게 관리하고, 함께 작업할 수 있게 해주는 도구! 코드를 버전별로 저장하고, 이전 상태로 되돌리거나 여러 사람이 동시에 작업해도 충돌 없이 관리할 수 있어요. 예를 들면, 실수로 코드를 잘못 고쳐도 이전 상태로 복원할 수 있고, 팀원이 만든 기능을 병합하거나 비교할 수도 있어요. Git은 버전 관리 시스템, GitHub는 이 Git 저장소를 인터넷에 저장하고 협업할 수 있게 해주는 서비스라고 생각하면 돼요.'),
    (38, 'Git Hook 자동화', 2, 'BE', 'Y', 4, 'Git Hook (Husky, lint-staged) 자동화란?코드 저장 전에 자동으로 검사하거나 정리해주는 도구!커밋하거나 푸시할 때, 코드 스타일을 체크하거나 테스트를 실행해서실수나 버그를 미리 막아주는 역할을 해요.예를 들면, 커밋 전에 코드 포맷을 자동으로 맞추거나,오류가 있는 코드는 커밋되지 않도록 차단할 수 있어요.마치 택배를 보내기 전에 포장 상태를 검사하는 것처럼,코드를 안전하게 관리하고 팀의 품질 기준을 지킬 수 있도록 도와주는 도구예요.'),
    (39, 'Java', 17, 'BE', 'N', 5, 'Java란? 안정적이고 확장성 있는 프로그램을 만들 수 있는 대표적인 객체지향 프로그래밍 언어! 운영체제에 상관없이 어디서나 실행할 수 있고, 대규모 시스템부터 모바일 앱, 웹 서비스, 서버 개발까지 폭넓게 사용돼요. 예를 들면, 은행의 거래 시스템, 안드로이드 앱, 기업용 백엔드 서버 등이 Java로 만들어져요. 마치 한 번 만들면 어디서든 쓸 수 있는 범용 기계처럼, 신뢰성과 이식성이 뛰어난 실무 중심의 프로그래밍 언어예요.'),
    (40, 'Python', 18, 'BE', 'N', 6, 'Python이란? 간결하고 읽기 쉬운 문법으로 다양한 분야에서 활용되는 범용 프로그래밍 언어! 웹 개발, 데이터 분석, 인공지능, 자동화 스크립트 등 다양한 목적에 맞게 빠르게 개발할 수 있어요. 예를 들면, 웹 서버를 만들거나, 엑셀 데이터를 처리하거나, AI 모델을 학습시키는 작업도 Python으로 할 수 있어요. 마치 쉽고 유연한 만능 도구처럼, 입문자부터 전문가까지 널리 사용하는 실용적인 프로그래밍 언어예요.'),
    (41, 'JavaScript', 19, 'BE', 'N', 7, 'JavaScript란? 웹페이지에 동작을 추가하고 사용자와의 상호작용을 가능하게 해주는 프로그래밍 언어! 클릭, 입력, 스크롤 같은 이벤트에 반응하거나 화면의 내용을 동적으로 바꾸는 기능을 구현할 수 있어요. 예를 들면, 버튼을 눌렀을 때 팝업이 뜨거나, 실시간으로 입력값을 확인하고 결과를 보여줄 수 있어요. 마치 정적인 화면에 생명을 불어넣는 조종 장치처럼, 웹을 더 풍부하고 인터랙티브하게 만들어주는 핵심 기술이에요.'),
    (42, 'Kotlin', 20, 'BE', 'N', 8, 'Kotlin이란? 간결하면서도 안정적인 코드를 작성할 수 있게 해주는 현대적인 프로그래밍 언어! Java보다 적은 코드로 동일한 기능을 구현할 수 있고, 안드로이드 앱 개발을 비롯해 서버, 웹, 데스크탑 등 다양한 분야에서 사용돼요. 예를 들면, 앱의 버튼 클릭 동작을 쉽게 구현하거나, 안전한 방식으로 null 값을 처리할 수 있어요. 마치 사용하기 편하면서도 강력한 기능이 담긴 도구 상자처럼, 생산성과 안정성을 모두 갖춘 실용적인 프로그래밍 언어예요.'),
    (43, 'SQL문', 21, 'BE', 'Y', 9, 'SQL문이란? 데이터베이스에 저장된 정보를 조회하고 수정할 수 있게 해주는 데이터 처리 언어! 데이터를 추가하거나 검색하고, 변경하거나 삭제하는 작업을 명령문 한 줄로 빠르고 정확하게 실행할 수 있어요. 예를 들면, 회원 목록을 불러오거나, 특정 조건에 맞는 데이터를 찾고, 필요한 내용을 새로 추가하거나 삭제할 수도 있어요. 마치 창고 안의 정보를 검색하고 정리하는 명령어 세트처럼, 데이터를 다루는 데 꼭 필요한 기본 도구예요.'),
    (44, 'More About Database', 22, 'BE', 'N', 10, 'More About Database란? 다양한 형태의 데이터베이스 구조와 특성을 이해하고, 상황에 맞게 선택할 수 있도록 돕는 개념이에요! 관계형 데이터베이스(RDB)는 표 형식으로 데이터를 저장하고 SQL로 관리하며, NoSQL은 유연한 구조로 대규모 데이터나 빠른 처리에 적합한 방식이에요. 예를 들면, MySQL, PostgreSQL 같은 RDB는 정형 데이터를 정확하게 관리할 때, MongoDB, Redis 같은 NoSQL은 유동적인 데이터나 실시간 처리에 자주 사용돼요. 마치 서류 캐비닛처럼 정리된 방식과, 메모장처럼 자유로운 방식을 모두 이해하는 것처럼, 데이터의 성격과 목적에 따라 적절한 저장 방식을 선택하는 데 필요한 핵심 지식이에요.'),
    (45, 'Scaling Databases', 23, 'BE', 'N', 11, 'Scaling Databases란? 많은 데이터를 빠르고 안정적으로 처리하기 위해 데이터베이스를 최적화하는 방법이에요! 쿼리 튜닝은 느린 쿼리를 분석하고 개선해서 성능을 높이는 작업이고, 정규화는 데이터를 구조적으로 나눠 중복을 줄이고 일관성을 유지하는 방식이에요. 예를 들면, 느린 검색 속도를 개선하거나, 하나의 테이블을 여러 개로 나눠 효율적으로 관리할 수 있어요. 마치 창고의 물건을 빠르게 찾기 위해 선반을 정리하고 동선을 최적화하는 것처럼, 데이터를 효과적으로 저장하고 처리하기 위한 필수적인 설계와 운영 기술이에요.'),
    (46, 'Spring Boot(Java)', 24, 'BE', 'N', 12, 'Java & Spring이란? 견고하고 확장성 있는 백엔드 애플리케이션을 만들기 위한 대표적인 기술 조합이에요! Java는 안정성과 범용성이 뛰어난 프로그래밍 언어이고, Spring은 Java 기반으로 웹 서버, API, 데이터 처리 등을 효율적으로 구성할 수 있게 도와주는 프레임워크예요. 예를 들면, 회원가입 기능이나 데이터베이스 연동, API 서버 구축을 안정적으로 구현할 수 있어요. 마치 튼튼한 재료(Java) 위에 체계적인 설계도(Spring)를 얹는 건축처럼, 기업에서도 널리 사용하는 신뢰도 높은 백엔드 개발 기술이에요.'),
    (47, 'Node.js & Express.js', 25, 'BE', 'N', 13, 'Node.js란? JavaScript로 서버를 만들 수 있게 해주는 런타임 환경이에요! 비동기 처리와 이벤트 기반 구조 덕분에 가볍고 빠르게 동작하며, 웹 서버, API, 실시간 채팅, 파일 처리 등 다양한 백엔드 기능을 구현할 수 있어요. 예를 들면, 웹사이트의 로그인 처리나 데이터 전송 API, 실시간 메시징 기능 같은 서버 역할을 JavaScript로 만들 수 있어요. 마치 한 가지 언어로 프론트엔드와 백엔드를 모두 다룰 수 있는 멀티툴처럼, 유연하고 효율적인 웹 서비스 구축에 적합한 서버 사이드 기술이에요.'),
    (48, 'Django', 26, 'BE', 'N', 14, 'Django란? 빠르고 효율적으로 웹 애플리케이션을 만들 수 있게 도와주는 Python 기반의 웹 프레임워크예요! 프로젝트 구조, 관리자 페이지, 인증 시스템 같은 기능이 기본으로 포함돼 있어서 복잡한 웹 서비스를 빠르게 개발할 수 있어요. 예를 들면, 게시판, 블로그, 쇼핑몰처럼 로그인, 글쓰기, 데이터 저장이 필요한 웹사이트를 쉽게 만들 수 있어요. 마치 필수 도구가 다 갖춰진 웹 개발용 공구 세트처럼, 안정적이고 생산성 높은 백엔드 웹 개발을 가능하게 해주는 프레임워크예요.'),
    (49, 'Flask', 27, 'BE', 'N', 15, 'Flask란? 가볍고 유연하게 웹 애플리케이션을 만들 수 있는 Python 기반의 마이크로 웹 프레임워크예요! 필수 기능만 최소한으로 제공하고, 필요한 구성은 개발자가 자유롭게 선택해서 확장할 수 있어요. 예를 들면, 간단한 웹 페이지부터 API 서버, 데이터 시각화 도구까지 작고 빠르게 시작해서 점점 발전시켜 나갈 수 있어요. 마치 필요한 부품만 골라 조립할 수 있는 맞춤형 키트처럼, 단순하지만 강력하게 웹 서비스를 만들 수 있는 실용적인 프레임워크예요.'),
    (50, 'Spring Boot(Kotlin)', 28, 'BE', 'N', 16, 'Kotlin & Spring이란? 간결한 문법의 Kotlin 언어로, 강력한 Spring 프레임워크 기반의 백엔드 애플리케이션을 만드는 기술 조합이에요! Kotlin은 안정성과 생산성이 뛰어나고, Spring은 다양한 웹 기능을 체계적으로 제공해요. 두 기술이 만나면 더 짧고 명확한 코드로 효율적인 서버 개발이 가능해요. 예를 들면, API 서버 구축, 데이터베이스 연결, 인증 시스템 구현 등을 더 읽기 쉬운 코드로 빠르게 만들 수 있어요. 마치 스마트한 언어와 견고한 설계가 결합된 개발 환경처럼, 안정성과 개발 속도를 모두 잡고 싶은 백엔드 개발자에게 최적의 조합이에요.'),
    (51, 'Java + Spring Lib & Utils', 29, 'BE', 'N', 17, 'Spring 라이브러리 & 유틸이란? 복잡한 웹 애플리케이션을 더 쉽게 만들 수 있도록 도와주는 Spring의 구성 요소와 도구들이에요! 보안, 데이터 처리, 배치 작업 등 다양한 기능을 담당하는 라이브러리들이 Spring 생태계 안에 잘 정리되어 있고, 개발자가 필요한 기능만 선택해 사용할 수 있어요. 예를 들면, Spring Security로 로그인과 권한을 관리하고, Spring Data JPA로 복잡한 SQL 없이 DB를 다루며, Spring Batch로 대용량 데이터를 순차적으로 처리할 수 있어요. 마치 전문 공정별로 나뉜 자동화 도구 세트처럼, 웹 서비스의 복잡한 요구사항을 손쉽게 해결할 수 있도록 도와주는 실전 중심의 유틸 모음이에요.'),
    (52, 'Kotlin + Spring Lib & Utils', 30, 'BE', 'N', 18, 'Spring 라이브러리 & 유틸이란? 웹 애플리케이션을 더 강력하고 효율적으로 만들 수 있도록 도와주는 Spring의 확장 도구 모음이에요! 보안, 데이터 관리, 배치 처리, 메시지 큐 연동 등 복잡한 기능들을 쉽게 구현할 수 있는 다양한 라이브러리와 유틸리티가 포함돼 있어요. 예를 들면, Spring Security로 인증과 권한을 설정하고, Spring Data JPA로 데이터베이스와 편리하게 연결하며, Spring Batch로 정기적인 데이터 처리 작업을 자동화할 수 있어요. 마치 다양한 기능을 플러그처럼 추가할 수 있는 개발 키트처럼, 복잡한 웹 시스템을 간단하고 일관된 방식으로 개발할 수 있도록 도와주는 도구들이에요.'),
    (53, 'Java,Kotlin + Spring 운영 & 배포', 31, 'BE', 'N', 19, 'Java, Kotlin + Spring 운영 & 배포란? Spring으로 만든 웹 애플리케이션을 실제 서비스 환경에 올리고, 안정적으로 관리하는 방법이에요! 빌드, 설정, 서버 배포, 로깅, 모니터링 같은 운영 전반의 과정과 Java 또는 Kotlin 코드 기반에서 효율적인 실행 환경을 구성하는 내용을 다뤄요. 예를 들면, 애플리케이션을 Docker로 감싸서 배포하거나, 서버에서 환경변수 설정, 무중단 배포, 장애 대응 방법까지 실무 중심으로 관리할 수 있어요. 마치 완성된 제품을 고객에게 전달하고 유지 관리하는 전 과정처럼, 개발된 서비스를 실제로 운영하며 신뢰성 있게 제공하기 위한 핵심 실무 과정이에요.'),
    (54, 'Node.js Lib & Utils', 32, 'BE', 'N', 20, 'Node.js 라이브러리 & 유틸이란? 백엔드 개발을 더 빠르고 효율적으로 도와주는 Node.js의 필수 도구와 유틸리티 모음이에요! 서버 구축, 파일 처리, 인증, 데이터 검증, 로깅 등 반복되는 기능을 간단하게 구현할 수 있도록 도와주는 다양한 라이브러리를 활용할 수 있어요. 예를 들면, Express로 간단한 웹 서버를 만들고, Multer로 파일 업로드를 처리하거나, jsonwebtoken으로 로그인 인증을 구현할 수 있어요. 마치 자주 쓰는 부품을 모아둔 공구 세트처럼, Node.js 프로젝트를 더 간결하고 실용적으로 완성할 수 있게 해주는 핵심 도구들이에요.'),
    (55, 'Node.js 운영 & 배포', 32, 'BE', 'N', 21, 'Node.js 운영 & 배포란? Node.js로 만든 서버 애플리케이션을 실제 환경에서 실행하고 안정적으로 서비스하는 방법이에요! 프로세스 관리, 환경 설정, 배포 자동화, 로깅, 에러 대응 등 앱이 끊김 없이 잘 작동하도록 뒷단에서 돌보는 모든 운영 작업을 다뤄요. 예를 들면, PM2로 서버를 항상 켜두거나, Docker로 패키징해서 배포하고, CI/CD로 코드 변경을 자동 반영할 수 있어요. 마치 서비스를 매끄럽게 유지하는 무대 뒤 기술팀처럼, Node.js 앱을 실제 사용자에게 안정적으로 제공하기 위한 실무 중심의 기술이에요.'),
    (56, 'Django Lib & Utils', 33, 'BE', 'N', 22, 'Django 라이브러리 & 유틸이란? Django 개발을 더 빠르고 편리하게 만들어주는 확장 도구와 유용한 패키지들의 모음이에요! 인증, 권한 관리, 파일 업로드, API 구축, 시간 처리 등 웹 개발에서 자주 쓰이는 기능들을 쉽게 구현할 수 있도록 도와줘요. 예를 들면, Django REST framework로 API 서버를 만들고, django-allauth로 소셜 로그인 기능을 추가하거나, django-environ으로 환경변수를 깔끔하게 관리할 수 있어요. 마치 자주 쓰는 기능들을 미리 조립해둔 보조 키트처럼, Django 프로젝트를 더 강력하고 효율적으로 완성할 수 있도록 도와주는 도구들이에요.'),
    (57, 'Django 운영 & 배포', 33, 'BE', 'N', 23, 'Django 운영 & 배포란? Django로 만든 웹 애플리케이션을 실제 서버에 배포하고 안정적으로 운영하는 방법이에요! 서버 환경 구성, 보안 설정, 데이터베이스 연결, 로그 관리, 배포 자동화 등 서비스를 사용자에게 문제없이 제공하기 위한 실전 기술들을 다뤄요. 예를 들면, Gunicorn과 Nginx를 함께 사용해 앱을 배포하거나, 환경변수 설정, 정적 파일 처리, CI/CD 파이프라인 구성 등을 수행할 수 있어요. 마치 개발된 웹서비스를 무대 위에 올려 안전하게 공연하는 운영팀처럼, Django 프로젝트를 실서비스로 전환하고 안정적으로 유지하는 데 필요한 핵심 과정이에요.'),
    (58, 'Flask Lib & Utils', 34, 'BE', 'N', 24, 'Flask 라이브러리 & 유틸이란? Flask 개발을 더 빠르고 확장성 있게 만들어주는 다양한 도구와 확장 패키지들의 모음이에요! ORM, 인증, 폼 처리, REST API 구축, 환경 설정 등 기본 Flask 위에 필요한 기능을 유연하게 붙일 수 있어요. 예를 들면, Flask-SQLAlchemy로 데이터베이스를 다루고, Flask-Login으로 사용자 인증을 구현하거나, Flask-Migrate로 DB 변경 사항을 관리할 수 있어요. 마치 심플한 프레임워크를 확장 가능한 플랫폼으로 바꿔주는 조립 부품들처럼, 작고 유연한 Flask 프로젝트를 실전 서비스 수준으로 키워주는 실용적인 도구들이에요.'),
    (59, 'Flask 운영 & 배포', 34, 'BE', 'N', 25, 'Flask 운영 & 배포란? Flask로 만든 웹 애플리케이션을 실제 서버에 올리고 안정적으로 서비스하는 방법이에요! 서버 설정, 프로세스 관리, 정적 파일 처리, 환경변수 구성, 배포 자동화 등을 통해 Flask 앱을 실사용 환경에서 안전하게 운영할 수 있어요. 예를 들면, Gunicorn으로 애플리케이션을 실행하고, Nginx를 통해 외부 요청을 받아 전달하며, Docker나 CI/CD로 배포 작업을 자동화할 수 있어요. 마치 간단한 웹 앱을 실제 제품으로 포장하고 고객에게 전달하는 과정처럼, Flask 프로젝트를 실서비스 수준으로 끌어올리기 위한 핵심 운영 기술이에요.');

-- chapter(단원) 정보 주입
INSERT INTO chapter (chapter_id, chapter_nm, chapter_order, sub_id) VALUES
       (1, '기본 구조와 시맨틱 태그', 1, 1),
       (2, '텍스트 & 목록 요소', 2, 1),
       (3, '이미지·멀티미디어 & IFrame', 3, 1),
       (4, '폼 & 입력 요소', 4, 1),
       (5, '테이블·메타데이터 & 접근성', 5, 1),
       (6, '선택자 & 우선순위', 1, 2),
       (7, '박스 모델 & 배치', 2, 2),
       (8, 'Flexbox · Grid 레이아웃', 3, 2),
       (9, '색상·타이포그래피·배경', 4, 2),
       (10, '애니메이션·전환·반응형 디자인', 5, 2),
       (11, '기초 문법과 데이터 타입', 1, 3),
       (12, '조건문과 반복문', 2, 3),
       (13, '함수와 스코프', 3, 3),
       (14, '배열과 객체', 4, 3),
       (15, 'DOM 조작과 이벤트 처리', 5, 3),
       (16, '기본 타입 · 타입 단언 & 타입 추론', 1, 4),
       (17, '함수 · 제네릭 & 오버로드', 2, 4),
       (18, '인터페이스 · 타입 별칭 & 고급 타입', 3, 4),
       (19, '클래스 · 모듈 · 데코레이터 & 접근 제한자', 4, 4),
       (20, '고급 제네릭 · 조건부 타입 & 유틸리티 타입', 5, 4),
       (21, 'Virtual DOM 원리 & 역사', 1, 5),
       (22, 'Diff 알고리즘 & 키의 역할', 2, 5),
       (23, '리컨실리에이션(재조정) 사이클', 3, 5),
       (24, '실제 DOM 패치(Patching) 최적화', 4, 5),
       (25, '한계·대안 & 최신 동향', 5, 5),
       (26, 'Git 기본 개념과 설치', 1, 6),
       (27, '로컬 저장소 관리', 2, 6),
       (28, '브랜치와 병합 전략', 3, 6),
       (29, 'GitHub와 원격 저장소 활용', 4, 6),
       (30, '협업, PR, 이슈 및 고급 기능', 5, 6),
       (31, 'Git Hook 기본 개념', 1, 7),
       (32, 'Husky 소개와 설치', 2, 7),
       (33, 'Husky로 Git Hook 제어하기', 3, 7),
       (34, 'lint-staged 소개와 활용', 4, 7),
       (35, 'Husky + lint-staged 통합 자동화 실습', 5, 7),
       (36, 'Axios 인스턴스 기초 & 환경별 설정', 1, 8),
       (37, '전역 Request 인터셉터 구성', 2, 8),
       (38, '전역 Response 인터셉터 구성', 3, 8),
       (39, '토큰 자동 갱신 & 충돌 방지 패턴', 4, 8),
       (40, '고급 패턴·유틸리티화 & 테스트', 5, 8),
       (41, '에러 모델 설계 & 표준 HTTP 상태 코드', 1, 9),
       (42, '클라이언트-측 에러 분류 & 처리 전략', 2, 9),
       (43, '재시도 기본 전략 & 안전한 멱등성', 3, 9),
       (44, '고급 재시도 관리(회로 차단·폴리시)', 4, 9),
       (45, '관측·테스트 & 운영 베스트 프랙티스', 5, 9),
       (46, 'JSX 및 컴포넌트 기초', 1, 10),
       (47, 'Props와 State', 2, 10),
       (48, '이벤트 처리와 조건부 렌더링', 3, 10),
       (49, '리스트 렌더링과 키', 4, 10),
       (50, 'Hooks 및 고급 컴포넌트 구성', 5, 10),
       (51, 'Redux 기본 개념', 1, 11),
       (52, '액션과 리듀서', 2, 11),
       (53, '스토어와 상태 관리', 3, 11),
       (54, '미들웨어와 비동기 처리', 4, 11),
       (55, 'Redux Toolkit', 5, 11),
       (56, 'Zustand 기본 개념과 설치', 1, 12),
       (57, '상태 생성 및 구독 (get, set)', 2, 12),
       (58, 'store 분리 및 커스텀 훅 패턴', 3, 12),
       (59, '미들웨어 활용 (persist, devtools 등)', 4, 12),
       (60, 'Zustand 실전 예제 및 성능 최적화', 5, 12),
       (61, '템플릿 구문 & 인스턴스 기초', 1, 13),
       (62, '반응형 시스템', 2, 13),
       (63, '디렉티브 & 라이프사이클 훅', 3, 13),
       (64, '컴포넌트·Props·슬롯', 4, 13),
       (65, '라우팅·상태 관리 & Composition API', 5, 13),
       (66, 'Vuex 기본 개념', 1, 14),
       (67, 'State, Getters, Mutations', 2, 14),
       (68, 'Actions와 비동기 처리', 3, 14),
       (69, 'Pinia 기본 사용법', 4, 14),
       (70, 'Pinia와 Vue 생태계 통합', 5, 14),
       (71, '템플릿 구문 & 인스턴스 기초', 1, 15),
       (72, '반응형 시스템', 2, 15),
       (73, '디렉티브 & 라이프사이클 훅', 3, 15),
       (74, '컴포넌트·Props·슬롯', 4, 15),
       (75, '라우팅·상태 관리 & Composition API', 5, 15),
       (76, 'NgRx 기본 개념', 1, 16),
       (77, 'State, Actions, Reducers', 2, 16),
       (78, 'Effects와 비동기 처리', 3, 16),
       (79, 'Selectors와 Store 접근', 4, 16),
       (80, 'NgRx Entity와 고급 기능', 5, 16),
       (81, '디자인 시스템 기초와 Atomic Design', 1, 17),
       (82, 'Storybook 기본 설정과 사용법', 2, 17),
       (83, 'Args, Controls, Docs를 활용한 컴포넌트 문서화', 3, 17),
       (84, '컴포넌트 테스트 및 접근성 검증', 4, 17),
       (85, '디자인 시스템 확장 전략과 협업 방식', 5, 17),
       (86, 'Tailwind 기본 문법과 구성요소', 1, 18),
       (87, '레이아웃과 Flex/Grid 활용', 2, 18),
       (88, '반응형 디자인과 상태 기반 클래스', 3, 18),
       (89, 'Tailwind 구성 및 커스터마이징', 4, 18),
       (90, '프로젝트 설계 및 실전 적용 전략', 5, 18),
       (91, 'SCSS 기본 문법과 변수 사용', 1, 19),
       (92, 'Mixin, Function, Extend', 2, 19),
       (93, '조건문과 반복문', 3, 19),
       (94, 'SCSS 모듈화 및 import', 4, 19),
       (95, 'SCSS를 활용한 프로젝트 구조 설계', 5, 19),
       (96, '선택자 & 우선순위', 1, 20),
       (97, '박스 모델 & 레이아웃', 2, 20),
       (98, 'Flexbox & Grid', 3, 20),
       (99, '반응형 디자인 & 미디어 쿼리', 4, 20),
       (100, '애니메이션 & 트랜지션', 5, 20),
       (101, 'ESLint 기본 개념과 설치', 1, 21),
       (102, 'ESLint 규칙과 설정 파일', 2, 21),
       (103, 'Prettier 기본 개념과 포맷팅', 3, 21),
       (104, 'ESLint와 Prettier 통합 설정', 4, 21),
       (105, '실제 적용 및 커스텀 규칙 작성', 5, 21),
       (106, 'Next.js 기본 개념과 프로젝트 설정', 1, 22),
       (107, '라우팅과 네비게이션', 2, 22),
       (108, '데이터 페칭과 렌더링 방식', 3, 22),
       (109, 'API Routes와 서버 기능', 4, 22),
       (110, 'Next.js 고급 기능 및 최적화', 5, 22),
       (111, '렌더링 비용 이해 & 불필요한 리렌더 탐지', 1, 23),
       (112, 'React.memo 로 컴포넌트 메모이제이션', 2, 23),
       (113, '계산 값 캐싱 — useMemo', 3, 23),
       (114, '콜백 재생성 방지 — useCallback', 4, 23),
       (115, '실전 튜닝 & 측정', 5, 23),
       (116, 'Query Keys & 캐싱 기본', 1, 24),
       (117, 'Prefetch & 백그라운드 업데이트', 2, 24),
       (118, 'Mutations & 캐시 무효화', 3, 24),
       (119, '고급 Query Key 패턴', 4, 24),
       (120, '성능 튜닝 & 테스트', 5, 24),
       (121, 'Vue Test Utils 기본 개념', 1, 25),
       (122, 'Mount와 ShallowMount', 2, 25),
       (123, '컴포넌트 상호작용 테스트', 3, 25),
       (124, '비동기 및 이벤트 테스트', 4, 25),
       (125, 'Mock, Stub, 플러그인 테스트', 5, 25),
       (126, 'Nuxt.js 기본 구조 및 라우팅', 1, 26),
       (127, '페이지 및 레이아웃', 2, 26),
       (128, '상태 관리와 Vuex', 3, 26),
       (129, '비동기 데이터 처리와 API 연동', 4, 26),
       (130, 'Nuxt.js 고급 기능과 배포', 5, 26),
       (131, 'Angular Universal 기본 개념', 1, 27),
       (132, 'SSR 설정 및 빌드', 2, 27),
       (133, '서버 측 렌더링 흐름 이해', 3, 27),
       (134, '라우팅과 데이터 프리페칭', 4, 27),
       (135, '고급 최적화 및 배포 전략', 5, 27),
       (136, 'Jasmine 기본 개념', 1, 28),
       (137, 'Matchers와 테스트 구조', 2, 28),
       (138, '비동기 테스트', 3, 28),
       (139, '스파이(Spy)와 Mock', 4, 28),
       (140, 'Angular 테스트 통합', 5, 28),
       (141, 'Webpack의 동작 원리와 핵심 개념', 1, 29),
       (142, '기본 설정 파일 작성 (webpack.config.js)', 2, 29),
       (143, '로더(Loader) 개념과 적용', 3, 29),
       (144, '플러그인(Plugin) 개념과 활용', 4, 29),
       (145, '최적화와 개발 서버 설정', 5, 29),
       (146, 'GitHub Actions 기본 개념', 1, 30),
       (147, 'Workflow 트리거와 조건 설정', 2, 30),
       (148, 'Job & Step 구성 및 실행 환경', 3, 30),
       (149, 'CI/CD 구축 실전 - 빌드 & 테스트', 4, 30),
       (150, 'CD 실전 - 배포 자동화 & 시크릿 관리', 5, 30),
       (151, '프론트엔드 정적 빌드 이해', 1, 31),
       (152, 'Docker 기본 및 이미지 생성', 2, 31),
       (153, 'Nginx 설정 및 정적 파일 서빙', 3, 31),
       (154, 'Docker Compose 및 포트 연결', 4, 31),
       (155, '클라우드/서버 환경 배포 전략', 5, 31),
       (156, 'S3 버킷 생성 및 정적 웹사이트 호스팅', 1, 32),
       (157, 'CloudFront 배포 생성 및 연결', 2, 32),
       (158, '정적 자산 업로드 및 캐싱 전략', 3, 32),
       (159, '도메인 연결 및 HTTPS 설정', 4, 32),
       (160, '배포 자동화 및 CI/CD 연동', 5, 32),
       (161, '테스트 기본 개념 & 종류', 1, 33),
       (162, 'Unit Test 실전 – 로직 & 함수 테스트', 2, 33),
       (163, 'React 컴포넌트 테스트', 3, 33),
       (164, 'Snapshot Test & Mock 전략', 4, 33),
       (165, 'Integration Test & 실전 패턴', 5, 33),
       (166, 'E2E 테스트 개요 & 자동화 흐름 이해', 1, 34),
       (167, 'Cypress 실습 – 기본 명령어 & 흐름 구성', 2, 34),
       (168, '고급 E2E 전략 – 인증, 라우팅, 상태 검증', 3, 34),
       (169, 'Visual Regression Test 원리 & 도구', 4, 34),
       (170, 'E2E + VRT 통합 테스트 전략', 5, 34),
       (171, '기본 명령어와 파일 시스템', 1, 35),
       (172, '사용자와 권한 관리', 2, 35),
       (173, '프로세스와 작업 관리', 3, 35),
       (174, '패키지 및 소프트웨어 설치', 4, 35),
       (175, '시스템 관리와 로그 분석', 5, 35),
       (176, '네트워크 기본 개념', 1, 36),
       (177, 'IP 주소와 서브넷', 2, 36),
       (178, 'HTTP와 HTTPS', 3, 36),
       (179, 'DNS와 도메인', 4, 36),
       (180, '웹 보안 및 인증', 5, 36),
       (181, 'Git 기본 개념과 설치', 1, 37),
       (182, '로컬 저장소 관리', 2, 37),
       (183, '브랜치와 병합 전략', 3, 37),
       (184, 'GitHub와 원격 저장소 활용', 4, 37),
       (185, '협업, PR, 이슈 및 고급 기능', 5, 37),
       (186, 'Git Hook 기본 개념', 1, 38),
       (187, 'Husky 소개와 설치', 2, 38),
       (188, 'Husky로 Git Hook 제어하기', 3, 38),
       (189, 'lint-staged 소개와 활용', 4, 38),
       (190, 'Husky + lint-staged 통합 자동화 실습', 5, 38),
       (191, '기초 문법과 자료형', 1, 39),
       (192, '제어문과 반복문', 2, 39),
       (193, '객체 지향 프로그래밍', 3, 39),
       (194, '컬렉션과 제네릭', 4, 39),
       (195, '예외 처리와 파일 I/O', 5, 39),
       (196, '기초 문법과 자료형', 1, 40),
       (197, '조건문과 반복문', 2, 40),
       (198, '함수와 모듈', 3, 40),
       (199, '자료구조 (리스트, 튜플, 딕셔너리, 세트)', 4, 40),
       (200, '파일 입출력과 예외 처리', 5, 40),
       (201, '기초 문법과 데이터 타입', 1, 41),
       (202, '조건문과 반복문', 2, 41),
       (203, '함수와 스코프', 3, 41),
       (204, '배열과 객체', 4, 41),
       (205, 'DOM 조작과 이벤트 처리', 5, 41),
       (206, '기초 문법과 변수', 1, 42),
       (207, '조건문과 반복문', 2, 42),
       (208, '함수와 람다', 3, 42),
       (209, '클래스와 객체', 4, 42),
       (210, '컬렉션과 널 안정성', 5, 42),
       (211, '기본 SELECT 및 조건절', 1, 43),
       (212, '집계 함수 및 그룹핑', 2, 43),
       (213, 'JOIN 및 서브쿼리', 3, 43),
       (214, 'DDL/DML/제약 조건', 4, 43),
       (215, '트랜잭션 & 고급 기능', 5, 43),
       (216, 'RDB 기초 개념', 1, 44),
       (217, 'RDB 종류와 특징', 2, 44),
       (218, 'NoSQL 개요 및 분류', 3, 44),
       (219, 'NoSQL 대표 사례', 4, 44),
       (220, '상황에 맞는 DB 선택 전략', 5, 44),
       (221, 'SQL 성능 이해', 1, 45),
       (222, '인덱스와 데이터 접근 방식', 2, 45),
       (223, '쿼리 튜닝 전략', 3, 45),
       (224, '정규화와 비정규화', 4, 45),
       (225, '실무 성능 이슈 및 해결 사례', 5, 45),
       (226, 'Java & Spring 기초 개념 이해', 1, 46),
       (227, '계층 구조 및 실무 설계 패턴', 2, 46),
       (228, 'Spring Data JPA & 트랜잭션', 3, 46),
       (229, '인증, 보안 및 문서화 도구 활용', 4, 46),
       (230, '실전 고급 기술 & 배포 전략', 5, 46),
       (231, 'Node.js 기본 개념 및 실행 구조', 1, 47),
       (232, 'Express.js와 REST API 설계', 2, 47),
       (233, '인증, 환경 변수 및 에러 핸들링', 3, 47),
       (234, '데이터베이스 연동 및 테스트', 4, 47),
       (235, '아키텍처 설계, 확장성 및 배포 전략', 5, 47),
       (236, 'Django 기초 개념', 1, 48),
       (237, 'URL 및 뷰 처리', 2, 48),
       (238, '템플릿과 정적 파일', 3, 48),
       (239, '모델과 ORM', 4, 48),
       (240, 'DRF(REST API)', 5, 48),
       (241, 'Flask 기본 개념', 1, 49),
       (242, '라우팅과 뷰 함수', 2, 49),
       (243, '템플릿과 Jinja2', 3, 49),
       (244, 'Flask-SQLAlchemy 및 CRUD', 4, 49),
       (245, 'Flask 보안 및 배포', 5, 49),
       (246, 'Kotlin과 Spring Boot의 통합 기초', 1, 50),
       (247, 'Kotlin 스타일의 컨트롤러 & 라우팅 설계', 2, 50),
       (248, 'Kotlin 기반의 서비스 계층 설계 및 예외 처리', 3, 50),
       (249, '코틀린 JPA와 엔티티 설계 시 고려할 점', 4, 50),
       (250, '비동기 흐름과 코루틴을 활용한 API 처리', 5, 50),
       (251, 'ORM과 쿼리 매핑 도구', 1, 51),
       (252, '인증, 검증 및 시큐리티 유틸', 2, 51),
       (253, 'API 문서화 & 직렬화 도구', 3, 51),
       (254, '로깅, 캐시, 배치 처리 도구', 4, 51),
       (255, '테스트, 빌드, 개발 유틸 통합', 5, 51),
       (256, 'Kotlin 기반 ORM 및 쿼리 도구', 1, 52),
       (257, '인증, 보안 및 Validation 유틸', 2, 52),
       (258, '비동기 처리 및 웹 클라이언트 활용', 3, 52),
       (259, 'API 문서화, 로깅 및 캐시 유틸', 4, 52),
       (260, '테스트, 빌드, 배포 자동화 도구', 5, 52),
       (261, 'Spring 애플리케이션 실행 및 운영 (Jar 실행, 내장 톰캣, profile 등)', 1, 53),
       (262, '배포 환경 구성 (Docker, Nginx, Reverse Proxy, SSL 등)', 2, 53),
       (263, '환경 변수 및 설정 관리 (.env, application.yml, Spring Profile 등)', 3, 53),
       (264, 'CI/CD (GitHub Actions, DockerHub, Gradle 등)', 4, 53),
       (265, '모니터링 & 로깅 (Spring Boot Actuator, Micrometer, Prometheus, Grafana, ELK 등)', 5, 53),
       (266, 'Node.js Core Modules', 1, 54),
       (267, 'Express.js', 2, 54),
       (268, 'NPM과 모듈 시스템', 3, 54),
       (269, '비동기 처리와 이벤트 루프', 4, 54),
       (270, 'Node.js와 데이터베이스', 5, 54),
       (271, 'Node.js 프로세스 관리 (PM2 등)', 1, 55),
       (272, 'Node.js 배포 (Docker, Nginx, Reverse Proxy)', 2, 55),
       (273, '환경 변수 및 설정 관리 (.env, config 등)', 3, 55),
       (274, 'CI/CD (GitHub Actions, DockerHub 등)', 4, 55),
       (275, '모니터링 & 로깅 (Winston, Logrotate, Sentry 등)', 5, 55),
       (276, 'Django ORM과 모델 유틸', 1, 56),
       (277, '인증, 권한, 시리얼라이저 검증', 2, 56),
       (278, 'Django REST Framework 및 API 구축', 3, 56),
       (279, '캐시, 비동기 작업, 로깅 처리', 4, 56),
       (280, '테스트, 문서화 및 배포 도구 활용', 5, 56),
       (281, 'Django ORM (기본 내장)', 1, 57),
       (282, 'Django Auth, Simple JWT', 2, 57),
       (283, 'Django REST Framework (DRF)', 3, 57),
       (284, 'drf-yasg, drf-spectacular', 4, 57),
       (285, 'DRF Serializer Validation', 5, 57),
       (286, 'Flask 기본 구조 및 서버 프레임워크', 1, 58),
       (287, 'ORM 및 인증/인가 도구', 2, 58),
       (288, 'REST API 구축 및 유효성 검사', 3, 58),
       (289, '캐싱, 스케줄링, 로깅', 4, 58),
       (290, '테스트 및 배포 자동화 도구', 5, 58),
       (291, 'Flask 실행 및 운영 (Gunicorn, Waitress 등)', 1, 59),
       (292, 'Flask 배포 (Docker, Nginx)', 2, 59),
       (293, '환경 설정 (.env, Flask.config)', 3, 59),
       (294, 'CI/CD (GitHub Actions, DockerHub)', 4, 59),
       (295, '정적파일 & 모니터링 (S3, logging, Sentry, Prometheus)', 5, 59);

-- 로드맵 주입용 더미 user
INSERT INTO users(user_id, is_active, email, login_type, nickname) VALUES
    (1, 1, 'user@user.com', 'LOCAL', 'user');

-- 프론트엔드 기본 로드맵 주입
INSERT INTO roadmap_management(roadmap_management_id, roadmap_nm, user_id) VALUES
    (1, 'FE_DEFAULT_ROADMAP', 1);

INSERT INTO roadmap(roadmap_id, order_sub, sub_id, roadmap_management_id, is_complete, pre_submit_count, post_submit_count) VALUES
    (1, 1, 1, 1, 0, 0, 0),
    (2, 2, 2, 1, 0, 0, 0),
    (3, 3, 3, 1, 0, 0, 0),
    (4, 4, 4, 1, 0, 0, 0),
    (5, 5, 5, 1, 0, 0, 0),
    (6, 6, 6, 1, 0, 0, 0),
    (7, 7, 7, 1, 0, 0, 0),
    (8, 8, 8, 1, 0, 0, 0),
    (9, 9, 9, 1, 0, 0, 0),
    (10, 10, 10, 1, 0, 0, 0),
    (11, 11, 11, 1, 0, 0, 0),
    (12, 12, 12, 1, 0, 0, 0),
    (13, 13, 17, 1, 0, 0, 0),
    (14, 14, 18, 1, 0, 0, 0),
    (15, 15, 19, 1, 0, 0, 0),
    (16, 16, 20, 1, 0, 0, 0),
    (17, 17, 21, 1, 0, 0, 0),
    (18, 18, 22, 1, 0, 0, 0),
    (19, 19, 23, 1, 0, 0, 0),
    (20, 20, 24, 1, 0, 0, 0),
    (21, 21, 29, 1, 0, 0, 0),
    (22, 22, 30, 1, 0, 0, 0),
    (23, 23, 31, 1, 0, 0, 0),
    (24, 24, 32, 1, 0, 0, 0),
    (25, 25, 33, 1, 0, 0, 0),
    (26, 26, 34, 1, 0, 0, 0);


-- 백엔드 기본 로드맵 주입
INSERT INTO roadmap_management(roadmap_management_id, roadmap_nm, user_id) VALUES
    (2, 'BE_DEFAULT_ROADMAP', 1);

INSERT INTO roadmap(roadmap_id, order_sub, sub_id, roadmap_management_id, is_complete, pre_submit_count, post_submit_count) VALUES
    (27, 1, 35, 2, 0, 0, 0),
    (28, 2, 36, 2, 0, 0, 0),
    (29, 3, 37, 2, 0, 0, 0),
    (30, 4, 38, 2, 0, 0, 0),
    (31, 5, 39, 2, 0, 0, 0),
    (32, 6, 43, 2, 0, 0, 0),
    (33, 7, 44, 2, 0, 0, 0),
    (34, 8, 45, 2, 0, 0, 0),
    (35, 9, 46, 2, 0, 0, 0),
    (36, 10, 51, 2, 0, 0, 0),
    (37, 11, 53, 2, 0, 0, 0);

DROP TABLE IF EXISTS user_content;
DROP TABLE IF EXISTS total_content;

CREATE TABLE total_content(
    total_content_id BIGINT NOT NULL AUTO_INCREMENT PRIMARY KEY,
    content_title VARCHAR(255) NOT NULL,
    content_url TEXT NOT NULL,
    content_type VARCHAR(255) NOT NULL,
    content_platform VARCHAR(255) NOT NULL,
    content_duration VARCHAR(255) NOT NULL,
    content_level VARCHAR(255) NOT NULL,
    content_price VARCHAR(255) NOT NULL,
    sub_id BIGINT NOT NULL,
    CONSTRAINT fk_total_content_subject FOREIGN KEY (sub_id) REFERENCES subject(sub_id)
);

CREATE TABLE user_content(
    user_content_id BIGINT NOT NULL AUTO_INCREMENT PRIMARY KEY,
    total_content_id BIGINT NOT NULL,
    sub_id BIGINT NOT NULL,
    user_id BIGINT NOT NULL,
    CONSTRAINT fk_user_content_total_content FOREIGN KEY (total_content_id) REFERENCES total_content(total_content_id),
    CONSTRAINT fk_user_content_subject FOREIGN KEY (sub_id) REFERENCES subject(sub_id),
    CONSTRAINT fk_user_content_users FOREIGN KEY (user_id) REFERENCES users(user_id)
);

INSERT INTO total_content(total_content_id, content_title, content_url, content_type, content_platform, content_duration, content_level, content_price, sub_id) VALUES
    (1, '생활코딩-HTML', 'https://www.youtube.com/watch?v=tZooW6PritE&list=PLuHgQVnccGMDZP7FJ_ZsUrdCGH68ppvPb&ab_channel=%EC%83%9D%ED%99%9C%EC%BD%94%EB%94%A9', '동영상', '유튜브', 'HOUR_3', '하', 'FREE', 1),
    (2, 'HTML 태그 정리', 'https://www.youtube.com/watch?v=T7h8O7dpJIg&ab_channel=드림코딩', '동영상', '유튜브', 'HOUR_1', '하', 'FREE', 1),
    (3, 'HTML 중급 강의', 'https://m.blog.naver.com/mathesis_time/221906127872', '블로그', '블로그', 'HOUR_5', '중', 'FREE', 1),
    (4, '입문자를 위한 HTML 기초 강의', 'https://www.inflearn.com/course/%EC%9E%85%EB%AC%B8%EC%9E%90-html-%EA%B8%B0%EC%B4%88%EA%B0%95%EC%9D%98?srsltid=AfmBOooL9TdXvAkOj_uUnRnvHWUOAhYHM2jPiq_-aFslF5swlirjeGBx', '동영상', '인프런', 'HOUR_3', '하', 'FREE', 1),
    (5, '코딩 자율학습 HTML + CSS + 자바스크립트', 'https://product.kyobobook.co.kr/detail/S000001834830', '책', '교보문고', 'OVER_10', '중', 'UNDER_50K', 1),
    (6, '입문자를 위한 CSS 기초 강의', 'https://www.inflearn.com/course/입문자-css-기초강의?srsltid=AfmBOoqhLYWHIgSIuYN9L56c0YSqILc246vgsw8nGbi2y1MpHqUCoa0n', '동영상', '인프런', 'HOUR_5', '하', 'FREE', 2),
    (7, 'CSS 프로그래밍 기초', 'https://dinfree.com/lecture/frontend/122_css_1.html', '블로그', '블로그', 'HOUR_3', '하', 'FREE', 2),
    (8, 'WEB2 CSS - 1. 수업 소개', 'https://www.youtube.com/watch?v=Ok0bBJPtgJI&list=PLuHgQVnccGMAnWgUYiAW2cTzSBywFO75B&ab_channel=%EC%83%9D%ED%99%9C%EC%BD%94%EB%94%A9', '동영상', '유튜브', 'HOUR_3', '하', 'FREE', 2),
    (9, 'CSS Flexbox 완전 정리. 포트폴리오 만드는 날까지!', 'https://www.youtube.com/watch?v=7neASrWEFEM&ab_channel=드림코딩', '동영상', '유튜브', 'HOUR_1', '중', 'FREE', 2),
    (10, '코딩 자율학습 HTML + CSS + 자바스크립트', 'https://product.kyobobook.co.kr/detail/S000001834830', '책', '교보문고', 'OVER_10', '중', 'UNDER_50K', 2),
    (11, '【한글자막】 CSS 완벽 가이드 (Flexbox, Grid & Sass 포함)', 'https://www.udemy.com/course/css-flexbox-grid-sass', '동영상', '유데미', 'OVER_10', '하', 'BETWEEN_100K_200K', 2),
    (12, '코딩 자율학습 HTML + CSS + 자바스크립트', 'https://product.kyobobook.co.kr/detail/S000001834830', '책', '교보문고', 'OVER_10', '중', 'UNDER_50K', 3),
    (13, '모던 자바스크립트 Deep Dive', 'https://product.kyobobook.co.kr/detail/S000001766445', '책', '교보문고', 'OVER_10', '하', 'UNDER_50K', 3),
    (14, '바닐라 JS로 크롬 앱 만들기', 'https://nomadcoders.co/javascript-for-beginners', '동영상', '노마드코더', 'HOUR_10', '하', 'FREE', 3),
    (15, 'ES6의 정석', 'https://nomadcoders.co/es6-once-and-for-all', '동영상', '노마드코더', 'HOUR_10', '중', 'UNDER_50K', 3),
    (16, 'JavaScript 입문 수업', 'https://www.youtube.com/playlist?list=PLuHgQVnccGMA4uSig3hCjl7wTDeyIeZVU', '동영상', '유튜브', 'HOUR_10', '중', 'FREE', 3),
    (17, 'JavaScript Course for Beginners – Your First Step to Web Development', 'https://www.youtube.com/watch?v=W6NZfCO5SIk&ab_channel=ProgrammingwithMosh', '동영상', '유튜브', 'HOUR_1', '하', 'FREE', 3),
    (18, '모던 JavaScript 튜토리얼', 'https://ko.javascript.info/', '블로그', '블로그', 'OVER_10', '상', 'FREE', 3),
    (19, '견고한 JS 소프트웨어 만들기', 'https://www.inflearn.com/course/tdd-%EA%B2%AC%EA%B3%A0%ED%95%9C-%EC%86%8C%ED%94%84%ED%8A%B8%EC%9B%A8%EC%96%B4-%EB%A7%8C%EB%93%A4%EA%B8%B0', '동영상', '인프런', 'HOUR_3', '중', 'UNDER_50K', 3),
    (20, '타입스크립트로 블록체인 만들기', 'https://nomadcoders.co/typescript-for-beginners', '동영상', '노마드코더', 'HOUR_3', '중', 'FREE', 4),
    (21, '한 입 크기로 잘라먹는 타입스크립트', 'https://www.inflearn.com/course/한입-크기-타입스크립트', '동영상', '인프런', 'OVER_10', '하', 'UNDER_50K', 4),
    (22, '타입스크립트 입문 - 기초부터 실전까지', 'https://www.inflearn.com/course/%ED%83%80%EC%9E%85%EC%8A%A4%ED%81%AC%EB%A6%BD%ED%8A%B8-%EC%9E%85%EB%AC%B8', '동영상', '인프런', 'HOUR_10', '하', 'BETWEEN_50K_100K', 4),
    (23, '실전 프로젝트로 배우는 타입스크립트', 'https://www.inflearn.com/course/%ED%83%80%EC%9E%85%EC%8A%A4%ED%81%AC%EB%A6%BD%ED%8A%B8-%EC%8B%A4%EC%A0%84', '동영상', '인프런', 'HOUR_10', '상', 'BETWEEN_50K_100K', 4),
    (24, '[코드팩토리] [초급] 8시간만에 끝내는 코드팩토리의 Typescript 완전정복 풀코스', 'https://www.inflearn.com/course/%EC%BD%94%EB%93%9C%ED%8C%A9%ED%86%A0%EB%A6%AC-%ED%83%80%EC%9E%85%EC%8A%A4%ED%81%AC%EB%A6%BD%ED%8A%B8-%ED%92%80%EC%BD%94%EC%8A%A4', '동영상', '인프런', 'HOUR_10', '하', 'UNDER_50K', 4),
    (25, '[TypeScript 독학] #1 타입스크립트 개념 및 타입', 'https://velog.io/@bbaa3218/TypeScript-1-%ED%83%80%EC%9E%85%EC%8A%A4%ED%81%AC%EB%A6%BD%ED%8A%B8-%EA%B0%9C%EB%85%90-%EB%B0%8F-%ED%83%80%EC%9E%85', '블로그', '블로그', 'HOUR_3', '중', 'FREE', 4),
    (26, '프로가 되기 위한 타입스크립트 프로그래밍 입문', 'https://yes24.com/product/goods/117963966', '책', 'Yes24', 'OVER_10', '중', 'UNDER_50K', 4),
    (27, 'Do it! 타입스크립트 프로그래밍', 'https://www.yes24.com/product/goods/89328106', '책', 'Yes24', 'OVER_10', '중', 'UNDER_50K', 4),
    (28, '타입스크립트로 블록체인 만들기', 'https://nomadcoders.co/typescript-for-beginners', '동영상', '노마드코더', 'HOUR_5', '중', 'FREE', 4),
    (29, '공식문서로 배우는 실전 타입스크립트', 'https://www.inflearn.com/course/%EA%B3%B5%EC%8B%9D%EB%AC%B8%EC%84%9C-%EC%8B%A4%EC%A0%84-%ED%83%80%EC%9E%85%EC%8A%A4%ED%81%AC%EB%A6%BD%ED%8A%B8', '동영상', '인프런', 'HOUR_3', '하', 'UNDER_50K', 4),
    (30, '핵심만 골라 배우는 TypeScript', 'https://www.inflearn.com/course/%ED%95%B5%EC%8B%AC%EB%A7%8C-%EB%B0%B0%EC%9A%B0%EB%8A%94-tyescript', '동영상', '인프런', 'HOUR_10', '중', 'BETWEEN_50K_100K', 4),
    (31, '【한글자막】 Typescript :기초부터 실전형 프로젝트까지 with React + NodeJS', 'https://www.udemy.com/course/best-typescript-21/?srsltid=AfmBOoosvgmyQF-dC9cODGGQnG9LkhLTTC_rezgyPcbi9MIsTTZqjfyN&utm_source=chatgpt.com&couponCode=ST8MT220425G1', '동영상', '유데미', 'OVER_10', '중', 'BETWEEN_100K_200K', 4),
    (32, '【한글자막】 TypeScript 마스터 with Webpack & React', 'https://www.udemy.com/course/typescript-with-webpack-react/?srsltid=AfmBOopB0mJ8ppGCLk55jVUe1S73fwXfIk0KbxXmnIUTn_ltkUGgLzQj&utm_source=chatgpt.com&couponCode=ST8MT220425G1', '동영상', '유데미', 'OVER_10', '중', 'BETWEEN_100K_200K', 4),
    (33, 'JavaScript & TypeScript Essential', 'https://fastcampus.co.kr/dev_academy_kmt1?utm_source=chatgpt.com', '동영상', 'FASTCAMPUS', 'HOUR_5', '하', 'UNKNOWN', 4),
    (34, '[리뉴얼] 타입스크립트 올인원 : Part1. 기본 문법편', 'https://www.inflearn.com/course/%ED%83%80%EC%9E%85%EC%8A%A4%ED%81%AC%EB%A6%BD%ED%8A%B8-%EC%98%AC%EC%9D%B8%EC%9B%90-1', '동영상', '인프런', 'HOUR_10', '하', 'UNDER_50K', 4),
    (35, '[리뉴얼] 타입스크립트 올인원 : Part2. 실전 분석편', 'https://www.inflearn.com/course/%ED%83%80%EC%9E%85%EC%8A%A4%ED%81%AC%EB%A6%BD%ED%8A%B8-%EC%98%AC%EC%9D%B8%EC%9B%90-2', '동영상', '인프런', 'HOUR_10', '중', 'UNDER_50K', 4),
    (36, 'TypeScript', 'https://edu.goorm.io/lecture/39523/생활코딩-typescript', '동영상', 'goormedu', 'HOUR_3', '중', 'FREE', 4),
    (37, '타입스크립트 핸드북', 'https://joshua1988.github.io/ts/', '블로그', '블로그', 'HOUR_3', '중', 'FREE', 4),
    (38, '【한글자막】 TypeScript 마스터 with Webpack & React', 'https://www.udemy.com/course/typescript-with-webpack-react', '동영상', '유데미', 'OVER_10', '상', 'BETWEEN_50K_100K', 4),
    (39, 'DOM 기본', 'https://www.inflearn.com/course/dom-%EA%B8%B0%EB%B3%B8', '동영상', '인프런', 'OVER_10', '중', 'BETWEEN_50K_100K', 5),
    (40, 'React의 가상돔 (Virtual DOM)이 뭔가요? (짱 쉬움)', 'https://www.youtube.com/watch?v=gc-kXt0tjTM&ab_channel=별코딩', '동영상', '유튜브', 'HOUR_1', '하', 'FREE', 5),
    (41, 'DOM 인터랙션', 'https://www.inflearn.com/course/dom-%EC%99%84%EC%A0%84-%EB%81%9D%EB%82%B4%EA%B8%B0-%EC%9D%B8%ED%84%B0%EB%A0%89%EC%85%98', '동영상', '인프런', 'OVER_10', '상', 'BETWEEN_50K_100K', 5),
    (42, 'Virtual DOM, 가상 돔 이란?', 'https://doqtqu.tistory.com/316#1.%20DOM(Document%20Object%20Model)', '블로그', '블로그', 'HOUR_1', '하', 'FREE', 5),
    (43, 'What is the Virtual DOM in React?', 'https://www.freecodecamp.org/news/what-is-the-virtual-dom-in-react/', '블로그', '블로그', 'HOUR_1', '하', 'FREE', 5),
    (44, 'DOM의 새로운 발견! Virtual DOM 동작 원리', 'https://velog.io/@sunhwa508/Virtual-DOM', '블로그', '블로그', 'HOUR_1', '중', 'FREE', 5),
    (45, '제대로 파는 Git & GitHub', 'https://www.youtube.com/watch?v=1I3hMwQU6GU&ab_channel=%EC%96%84%ED%8C%8D%ED%95%9C%EC%BD%94%EB%94%A9%EC%82%AC%EC%A0%84', '동영상', '유튜브', 'HOUR_3', '하', 'FREE', 6),
    (46, '깃, 깃허브 제대로 배우기', 'https://www.youtube.com/watch?v=Z9dvM7qgN9s&ab_channel=%EB%93%9C%EB%A6%BC%EC%BD%94%EB%94%A9', '동영상', '유튜브', 'HOUR_1', '중', 'FREE', 6),
    (47, '깃 연습해보기', 'https://learngitbranching.js.org/?locale=ko', '블로그', '블로그', 'HOUR_1', '하', 'FREE', 6),
    (48, '제대로 파고드는 Git & GitHub - by 얄코(Yalco)', 'https://www.inflearn.com/course/%EC%A0%9C%EB%8C%80%EB%A1%9C-%ED%8C%8C%EB%8A%94-%EA%B9%83', '동영상', '인프런', 'HOUR_10', '중', 'UNDER_50K', 6),
    (49, '【한글자막】 Git & Github 실무 활용 완벽 가이드', 'https://www.udemy.com/course/best-git-github', '동영상', '유데미', 'OVER_10', '중', 'BETWEEN_100K_200K', 6),
    (50, 'Git 팀 작업을 자동화하는 방법 [Hooks와 커스텀 스크립트]', 'https://coding-by-head.tistory.com/entry/git-hook', '블로그', '블로그', 'HOUR_1', '중', 'FREE', 7),
    (51, 'Husky로 Git hooks 자동화하기(+ lint-staged, commitlint)', 'https://meoweundi.tistory.com/37', '블로그', '블로그', 'HOUR_3', '중', 'FREE', 7),
    (52, 'Git Hooks', 'https://www.atlassian.com/ko/git/tutorials/git-hooks', '블로그', '블로그', 'HOUR_3', '중', 'FREE', 7),
    (53, 'husky, lint-staged', 'https://deku.posstree.com/ko/react/husky-lint-staged/', '블로그', '블로그', 'HOUR_1', '중', 'FREE', 7),
    (54, 'Configuring husky pre-commit git hooks', 'https://www.youtube.com/watch?v=jGEkiljxvxU', '동영상', '유튜브', 'HOUR_1', '중', 'FREE', 7),
    (55, 'Git Project Setup with Husky, Conventional Commits, and branching strategies.', 'https://www.youtube.com/watch?app=desktop&v=jNxDNoYEGVU&t=1169s', '동영상', '유튜브', 'HOUR_1', '중', 'FREE', 7),
    (56, 'Axios instance와 interceptors로 Axios 효율성 높이기', 'https://ramincoding.tistory.com/entry/React-Axios-instance-와-interceptors-로-Axios-효율성-높이기', '블로그', '블로그', 'HOUR_3', '중', 'FREE', 8),
    (57, 'Axios Instance 만들어보기', 'https://velog.io/@posinity/%ED%95%AD%ED%95%B499-Axios-Instance-%EB%A7%8C%EB%93%A4%EC%96%B4%EB%B3%B4%EA%B8%B0', '블로그', '블로그', 'HOUR_1', '하', 'FREE', 8),
    (58, 'Axios : instance와 interceptor', 'https://developer-haru.tistory.com/51', '블로그', '블로그', 'HOUR_3', '중', 'FREE', 8),
    (59, 'Axios 공식 문서', 'https://axios-http.com/kr/docs/instance', '블로그', '블로그', 'HOUR_5', '중', 'FREE', 8),
    (60, 'How can you use axios interceptors?', 'https://stackoverflow.com/questions/52737078/how-can-you-use-axios-interceptors', '블로그', '블로그', 'HOUR_3', '중', 'FREE', 8),
    (61, 'Axios Tutorial', 'https://www.youtube.com/playlist?list=PLnHJACx3NwAdSOK3BoQ7wjCDT1Iw7hs_u', '동영상', '유튜브', 'HOUR_3', '하', 'FREE', 8),
    (62, 'React | 공통 API 에러 처리 제작기(feat. React Query)', 'https://velog.io/@jun_n3/React-%EA%B3%B5%ED%86%B5-API-%EC%97%90%EB%9F%AC-%EC%B2%98%EB%A6%AC-%EC%A0%9C%EC%9E%91%EA%B8%B0feat.-React-Query', '블로그', '블로그', 'HOUR_3', '중', 'FREE', 9),
    (63, 'Axios Retry로 API 요청 마스터하기: 종합 가이드', 'https://apidog.com/kr/blog/axios-retry-request-2/', '블로그', '블로그', 'HOUR_3', '상', 'FREE', 9),
    (64, '[Web] API, REST API에 대해 공부해보자', 'https://five-sun.tistory.com/112', '블로그', '블로그', 'HOUR_1', '하', 'FREE', 9),
    (65, 'Spring Boot 에서 API 재시도를 처리할수 있는 여러가지 방안들', 'https://velog.io/@garden6/API-%EC%9E%AC%EC%8B%9C%EB%8F%84%EB%A5%BC-%EC%B2%98%EB%A6%AC%ED%95%A0%EC%88%98-%EC%9E%88%EB%8A%94-%EC%97%AC%EB%9F%AC%EA%B0%80%EC%A7%80-%EB%B0%A9%EC%95%88%EB%93%A4', '블로그', '블로그', 'HOUR_1', '중', 'FREE', 9),
    (66, 'API Fetch Retry 로직 작성해보기 (with Axios)', 'https://flyingsquirrel.medium.com/api-fetch-retry로직-작성해보기-with-axios-5cb81e6345ad', '블로그', '블로그', 'HOUR_1', '하', 'FREE', 9),
    (67, 'Spring Retry for resilient database or REST API access with simple annotation in Spring Boot.', 'https://www.youtube.com/watch?v=Q0nh8ECG5rQ', '동영상', '유튜브', 'HOUR_1', '중', 'FREE', 9),
    (68, 'Unlock the Hidden Power of Spring Boot Retry', 'https://www.youtube.com/watch?v=Nj3wPmIJRy0', '동영상', '유튜브', 'HOUR_1', '중', 'FREE', 9),
    (69, 'Spring Retry & RestClient (Part 2): Custom HTTP Exceptions, Error Handlers, JDK/Apache HttpClients', 'https://www.youtube.com/watch?v=pezBoiaBvus', '동영상', '유튜브', 'HOUR_1', '중', 'FREE', 9),
    (70, '모던 리액트 Deep Dive', 'https://product.kyobobook.co.kr/detail/S000210725203', '책', '교보문고', 'OVER_10', '중', 'UNDER_50K', 10),
    (71, 'React & Express 를 이용한 웹 어플리케이션 개발하기', 'https://www.inflearn.com/course/react-%EA%B0%95%EC%A2%8C-velopert', '동영상', '인프런', 'HOUR_10', '중', 'FREE', 10),
    (72, 'ReactJS로 영화 웹 서비스 만들기', 'https://nomadcoders.co/react-for-beginners', '동영상', '노마드코더', 'HOUR_10', '하', 'FREE', 10),
    (73, '리액트의 Hooks 완벽 정복하기', 'https://velog.io/@velopert/react-hooks', '블로그', '블로그', 'HOUR_3', '중', 'FREE', 10),
    (74, 'React JS 마스터클래스', 'https://nomadcoders.co/react-masterclass', '동영상', '노마드코더', 'OVER_10', '상', 'BETWEEN_100K_200K', 10),
    (75, '벨로퍼트와 함께하는 모던 리액트', 'https://react.vlpt.us/', '블로그', '블로그', 'HOUR_5', '중', 'FREE', 10),
    (76, '프로젝트로 배우는 React.js', 'https://www.inflearn.com/course/프로젝트-배우는-리액트', '동영상', '인프런', 'HOUR_10', '하', 'UNDER_50K', 10),
    (77, '웹 게임을 만들며 배우는 React에 TypeScript 적용하기', 'https://www.inflearn.com/course/react-typescript-webgame', '동영상', '인프런', 'HOUR_10', '중', 'UNDER_50K', 10),
    (78, '생활코딩 - Redux', 'https://www.inflearn.com/course/redux-%EC%83%9D%ED%99%9C%EC%BD%94%EB%94%A9?srsltid=AfmBOoocwGw5aB_bSPaJTRNsjkGaO9h_KiH9OPZ6R78kJqNI1-PuzWne', '동영상', '인프런', 'HOUR_3', '중', 'FREE', 11),
    (79, '초보자를 위한 리덕스 101', 'https://nomadcoders.co/redux-for-beginners', '동영상', '노마드코더', 'HOUR_3', '하', 'FREE', 11),
    (80, '(2025 최신 업데이트)리액트 : 프론트엔드 개발자로 가는 마지막 단계', 'https://www.inflearn.com/course/%EB%A6%AC%EC%95%A1%ED%8A%B8-%ED%94%84%EB%A1%A0%ED%8A%B8%EC%97%94%EB%93%9C-%EB%A7%88%EC%A7%80%EB%A7%89#curriculum', '동영상', '인프런', 'HOUR_1', '중', 'BETWEEN_100K_200K', 11),
    (81, '[리액트] Redux와 사용법', 'https://medium.com/@heoh06/%EB%A6%AC%EC%95%A1%ED%8A%B8-redux%EC%99%80-%EC%82%AC%EC%9A%A9%EB%B2%95-731853fc3cd4', '블로그', '블로그', 'HOUR_3', '중', 'FREE', 11),
    (82, '[Redux] Redux 사용법 기초 useState처럼 사용하기', 'https://velog.io/@chaerin00/Redux-%EC%82%AC%EC%9A%A9%EB%B2%95-%EA%B8%B0%EC%B4%88-useState%EC%B2%98%EB%9F%BC-%EC%82%AC%EC%9A%A9%ED%95%98%EA%B8%B0', '블로그', '블로그', 'HOUR_3', '하', 'FREE', 11),
    (83, 'React 입문 - react-redux 리덕스 사용법', 'https://olive-jam.tistory.com/47', '블로그', '블로그', 'HOUR_5', '상', 'FREE', 11),
    (84, 'React Redux Tutorials', 'https://www.youtube.com/watch?v=9boMnm5X9ak&list=PLC3y8-rFHvwheJHvseC3I0HuYI2f46oAK', '동영상', '유튜브', 'HOUR_3', '하', 'FREE', 11),
    (85, 'Redux Toolkit Tutorial', 'https://www.youtube.com/watch?v=0awA5Uw6SJE&list=PLC3y8-rFHvwiaOAuTtVXittwybYIorRB3', '동영상', '유튜브', 'HOUR_3', '상', 'FREE', 11),
    (86, '맛집 지도앱 만들기 (React Native + NestJS)', 'https://www.inflearn.com/course/%EB%A7%9B%EC%A7%91-%EC%A7%80%EB%8F%84%EC%95%B1-%EB%A7%8C%EB%93%A4%EA%B8%B0-reactnative-nestjs', '동영상', '인프런', 'OVER_10', '중', 'BETWEEN_50K_100K', 12),
    (87, 'Zustand 가이드북(간단한 사용법부터 Pro Tips까지)', 'https://lambda-log.tistory.com/9', '블로그', '블로그', 'HOUR_1', '하', 'FREE', 12),
    (88, '실무에 바로 쓰는 Next.js', 'https://spartacodingclub.kr/product/72', '동영상', 'spartacodingclub', 'OVER_10', '중', 'UNKNOWN', 12),
    (89, 'Zustand Tutorial for Beginners - The Only Course You Will Ever Need', 'https://www.youtube.com/watch?v=AYO4qHAnLQI', '동영상', '유튜브', 'HOUR_3', '하', 'FREE', 12),
    (90, 'react zustand in detail (2023)', 'https://www.youtube.com/playlist?list=PL1T-3Hf9FqXbH54aLLMWMpdn6OMa5TWOX', '동영상', '유튜브', 'HOUR_3', '하', 'FREE', 12),
    (91, 'Zustand React State Management Course (Simple Redux Alternative)', 'https://www.youtube.com/watch?v=fZPgBnL2x-Q', '동영상', '유튜브', 'HOUR_3', '하', 'FREE', 12),
    (92, 'Zustand', 'https://opentutorials.org/course/4671', '동영상', '유튜브', 'HOUR_1', '하', 'FREE', 12),
    (93, 'Zustand는 작고, 빠르고, 확장가능한 상태관리 솔루션입니다.', 'https://www.youtube.com/watch?v=L5ID-3r-U4w&list=PLeMeDIV7bypu08YTMGuKyjHgLnGN8VZ28&index=2', '동영상', '유튜브', 'HOUR_1', '하', 'FREE', 12),
    (94, 'Next + React Query로 SNS 서비스 만들기', 'https://www.inflearn.com/course/next-react-query-sns%EC%84%9C%EB%B9%84%EC%8A%A4', '동영상', '인프런', 'OVER_10', '중', 'BETWEEN_50K_100K', 12),
    (95, '기초부터 배우는 Next YTMusic 클론 코딩 (with next.js 14, UI 마스터)', 'https://www.inflearn.com/course/%EA%B8%B0%EC%B4%88-next-ytmusic-%ED%81%B4%EB%A1%A0%EC%BD%94%EB%94%A9', '동영상', '인프런', 'HOUR_10', '하', 'UNDER_50K', 12),
    (96, 'Vue.js 끝장내기 - 실무에 필요한 모든 것', 'https://www.inflearn.com/course/vue-js-끝내기-캡틴판교', '동영상', '인프런', 'HOUR_10', '상', 'BETWEEN_100K_200K', 13),
    (97, '웹 게임을 만들며 배우는 Vue', 'https://www.inflearn.com/course/web-game-vue', '동영상', '인프런', 'HOUR_10', '중', 'FREE', 13),
    (98, 'Vue로 Nodebird SNS 만들기', 'https://www.inflearn.com/course/vue-nodebird-sns', '동영상', '인프런', 'OVER_10', '상', 'BETWEEN_50K_100K', 13),
    (99, 'Vue3 강좌 한방에 몰아보기', 'https://www.youtube.com/watch?v=m2j_Y245xew', '동영상', '유튜브', 'HOUR_3', '중', 'FREE', 13),
    (100, '트렐로 개발로 배우는 Vue.js, Vuex, Vue-Router 프론트엔드 실전 기술', 'https://www.inflearn.com/course/vuejs', '동영상', '인프런', 'HOUR_10', '중', 'BETWEEN_50K_100K', 13),
    (101, 'Vue 3 시작하기', 'https://www.inflearn.com/course/vue-3-%EC%8B%9C%EC%9E%91%ED%95%98%EA%B8%B0', '동영상', '인프런', 'HOUR_5', '하', 'UNDER_50K', 13),
    (102, 'Vue.js + TypeScript 완벽 가이드', 'https://www.inflearn.com/course/vue-ts', '동영상', '인프런', 'HOUR_10', '상', 'BETWEEN_50K_100K', 13),
    (103, 'Vue 3 중급 - Composition API', 'https://www.inflearn.com/course/vue-3-%EC%A4%91%EA%B8%89-composition-api', '동영상', '인프런', 'HOUR_3', '중', 'BETWEEN_50K_100K', 13),
    (104, 'Vue 3 & Firebase 10 커뮤니티 만들기 풀스택 - "활용편" (with Pinia, Quasar, Tiptap, VueUse)', 'https://www.inflearn.com/course/vue3-firebase10-%EC%BB%A4%EB%AE%A4%EB%8B%88%ED%8B%B0%EB%A7%8C%EB%93%A4%EA%B8%B0', '동영상', '인프런', 'OVER_10', '상', 'BETWEEN_100K_200K', 13),
    (105, 'Vue JS 맛보기 - 정말 쉬운지 아닌지 살펴보기?', 'https://www.youtube.com/watch?v=QtQ-xbLyaqI&ab_channel=%EB%8D%B0%EB%B8%8C%EB%A6%AC', '동영상', '유튜브', 'HOUR_1', '하', 'FREE', 13),
    (106, '뷰js 2 (Vue.js 2) 기초 익히기 기본 강좌!', 'https://www.youtube.com/playlist?list=PLB7CpjPWqHOtYP7P_0Ls9XNed0NLvmkAh', '동영상', '유튜브', 'HOUR_3', '하', 'FREE', 13),
    (107, '프로젝트로 배우는 Vue.js 3', 'https://www.inflearn.com/course/vue-%EA%B8%B0%EC%B4%88-%EC%9D%B5%ED%9E%88%EA%B8%B0', '동영상', '인프런', 'HOUR_10', '하', 'UNDER_50K', 13),
    (108, 'Vue.js 중급 강좌 - 웹앱 제작으로 배워보는 Vue.js, ES6, Vuex', 'https://www.inflearn.com/course/vue-pwa-vue-js-%EC%A4%91%EA%B8%89', '동영상', '인프런', 'HOUR_10', '중', 'BETWEEN_50K_100K', 13),
    (109, 'Nuxt3 Pinia Full Course (feat. News API)', 'https://www.youtube.com/watch?v=5eA0V540hZs', '동영상', '유튜브', 'HOUR_3', '하', 'FREE', 14),
    (110, 'Vuex Tutorial', 'https://www.youtube.com/playlist?list=PLZzSdj89sCN292abcbI3utND8pA1T1OyB', '동영상', '유튜브', 'HOUR_1', '하', 'FREE', 14),
    (111, '공식문서로 알아보는 Pinia Full Tutorial', 'https://www.youtube.com/watch?v=_LPTZbzzc7g', '동영상', '유튜브', 'HOUR_1', '하', 'FREE', 14),
    (112, 'Pinia Crash Course', 'https://www.youtube.com/playlist?list=PL4cUxeGkcC9hp28dYyYBy3xoOdoeNw-hD', '동영상', '유튜브', 'HOUR_1', '하', 'FREE', 14),
    (113, 'Pinia Course 2022', 'https://www.youtube.com/watch?v=G4H6QOcGKbU', '동영상', '유튜브', 'HOUR_3', '중', 'FREE', 14),
    (114, 'Learn Pinia in 30 MINUTES! (Vue JS 3)', 'https://www.youtube.com/watch?v=JGC7aAC-3y8', '동영상', '유튜브', 'HOUR_1', '중', 'FREE', 14),
    (115, 'Angular, 앵귤러 100분 핵심강의', 'https://www.inflearn.com/course/angular-100min?srsltid=AfmBOorAE_wX-ioQ-_CODnNbvJXN9SLgrbvtmGxbq4CFN-Ua1lcdM6Fz', '동영상', '인프런', 'HOUR_3', '중', 'UNDER_50K', 15),
    (116, 'Angular 기본과 간단한 To-Do 어플리케이션 만들기', 'https://www.inflearn.com/course/angular-강좌-기본?srsltid=AfmBOorsGYu1eRLCu9OXAvzM-JSkb22oK-gG4A3qdwfYRAqVGresJ_IT', '동영상', '인프런', 'HOUR_3', '하', 'FREE', 15),
    (117, 'Angular【한글자막】 Angular 완벽 가이드 : 기초 문법부터 TypeScript 기반 최신 문법까지', 'https://www.udemy.com/course/angular-2021/?couponCode=ST8MT220425G1', '동영상', '유데미', 'OVER_10', '중', 'UNDER_50K', 15),
    (118, 'Angular(2+) Front에서 Back까지 - Nest js를 알려면 Angular 모듈을 알아야한다!', 'https://www.inflearn.com/course/Angular', '동영상', '인프런', 'HOUR_10', '중', 'FREE', 15),
    (119, 'Angular Essentials', 'https://product.kyobobook.co.kr/detail/S000001891079', '책', '교보문고', 'OVER_10', '중', 'UNDER_50K', 15),
    (120, '앵귤러 첫걸음', 'https://product.kyobobook.co.kr/detail/S000001057857', '책', '교보문고', 'OVER_10', '하', 'UNDER_50K', 15),
    (121, 'Angular - The Complete Guide (2025 Edition)', 'https://www.udemy.com/course/the-complete-guide-to-angular-2', '동영상', '유데미', 'OVER_10', '상', 'BETWEEN_100K_200K', 15),
    (122, 'Angular Deep Dive - Beginner to Advanced (Angular 19)', 'https://www.udemy.com/course/angular-course/', '동영상', '유데미', 'OVER_10', '상', 'BETWEEN_50K_100K', 15),
    (123, 'Angular NGRX Complete Course Tutorial', 'https://www.youtube.com/playlist?list=PL_euSNU_eLbdg0gKbR8zmVJb4xLgHR7BX', '동영상', '유튜브', 'HOUR_10', '하', 'FREE', 16),
    (124, '이 영상을 보시면 NgRx를 이해하실 수 있을 거라 장담합니다', 'https://www.youtube.com/watch?v=kx0VTgTtSBg', '동영상', '유튜브', 'HOUR_1', '중', 'FREE', 16),
    (125, 'Ngrx 도입', 'https://front-study.tistory.com/58', '블로그', '블로그', 'HOUR_1', '중', 'FREE', 16),
    (126, '[Angular] NGRX 적용 - (1) ngrx 동작 과정 이해하기', 'https://dongurami0502.tistory.com/16', '블로그', '블로그', 'HOUR_1', '하', 'FREE', 16),
    (127, 'ngrx architecture를 이용하여 angular 앱을 더 기분 좋게 만들기', 'https://medium.com/pplink/ngrx-architecture%EB%A5%BC-%EC%9D%B4%EC%9A%A9%ED%95%98%EC%97%AC-angular-%EC%95%B1%EC%9D%84-%EB%8D%94-%EA%B8%B0%EB%B6%84-%EC%A2%8B%EA%B2%8C-%EB%A7%8C%EB%93%A4%EA%B8%B0-9182c582a113', '블로그', '블로그', 'HOUR_3', '상', 'FREE', 16),
    (128, 'NgRx (with NgRx Data) - The Complete Guide (Angular 19)', 'https://www.udemy.com/course/ngrx-course/?utm_medium=udemyads&utm_source=wj-krweb&utm_campaign=udemykorea_course&utm_content=ngrx-course&utm_term=230814&couponCode=KRLETSLEARNNOW', '동영상', '유데미', 'HOUR_10', '상', 'BETWEEN_50K_100K', 16),
    (129, '실무에 바로 적용하는 스토리북과 UI 테스트', 'https://www.inflearn.com/course/%EC%8B%A4%EB%AC%B4%EC%A0%81%EC%9A%A9-%EC%8A%A4%ED%86%A0%EB%A6%AC%EB%B6%81-ui%ED%85%8C%EC%8A%A4%ED%8A%B8', '동영상', '인프런', 'HOUR_3', '하', 'BETWEEN_50K_100K', 17),
    (130, '2시간으로 끝내는 프론트엔드 테스트 기본기', 'https://www.inflearn.com/course/%EC%A3%BC%EB%8B%88%EC%96%B4-%ED%94%84%EB%A1%A0%ED%8A%B8%EC%97%94%EB%93%9C-%ED%85%8C%EC%8A%A4%ED%8A%B8-%EA%B8%B0%EB%B3%B8%EA%B8%B0', '동영상', '코드잇', 'HOUR_3', '하', 'UNDER_50K', 17),
    (131, '스토리북 & 자동화 테스트와 함께 하는 컴포넌트 주도 프론트엔드 개발', 'https://www.inflearn.com/course/%ED%8C%90%EA%B5%90-%ED%87%B4%EA%B7%BC%EA%B8%B8%EB%B0%8B%EC%97%85-%ED%94%84%EB%A1%A0%ED%8A%B8%EC%97%94%EB%93%9C-%ED%85%8C%EC%8A%A4%ED%8A%B8%EC%BD%94%EB%93%9C', '동영상', '인프런', 'HOUR_1', '하', 'FREE', 17),
    (132, 'UI 컴포넌트 구축하기스토리북에서 디자인 시스템 컴포넌트를 구축하고 구조화하기', 'https://storybook.js.org/tutorials/design-systems-for-developers/react/ko/build/', '블로그', '블로그', 'HOUR_1', '중', 'FREE', 17),
    (133, '현장에서 바로 써먹는 리액트 with 타입스크립트', 'https://product.kyobobook.co.kr/detail/S000202707764', '책', '교보문고', 'OVER_10', '하', 'UNDER_50K', 17),
    (134, 'Storybook Official Tutorial Code Along - Web Development', 'https://www.udemy.com/course/storybook-official-tutorial-code-along-web-development', '동영상', '유데미', 'HOUR_10', '하', 'UNDER_50K', 17),
    (135, 'Convert a Figma design to ReactJS components using Storybook', 'https://www.udemy.com/course/implement-a-design-system-with-reactjs-storybook-tailwind', '동영상', '유데미', 'HOUR_5', '하', 'UNDER_50K', 17),
    (136, 'Advanced React & Storybook: From Components Library to CI/CD', 'https://www.udemy.com/course/build-react-v17-components-with-storybook', '동영상', '유데미', 'HOUR_5', '중', 'BETWEEN_50K_100K', 17),
    (137, 'Advanced React: Design System, Design Patterns, Performance', 'https://www.udemy.com/course/advanced-react', '동영상', '유데미', 'OVER_10', '상', 'BETWEEN_50K_100K', 17),
    (138, 'React Storybook Tutorial', 'https://www.youtube.com/playlist?list=PLC3y8-rFHvwhC-j3x3t9la8-GQJGViDQk', '동영상', '유튜브', 'HOUR_3', '하', 'FREE', 17),
    (139, 'Modern Component Library with React & Storybook', 'https://www.youtube.com/playlist?list=PLKBvDYynKmlWa59k8pnw-EHac2_miPagh', '동영상', '유튜브', 'HOUR_3', '하', 'FREE', 17),
    (140, 'Storybook Crash Course: For React Devs And Storybook Beginners with Storybook Maintainer, Yann Braga', 'https://www.youtube.com/watch?v=x-x47qHq3nY', '동영상', '유튜브', 'HOUR_1', '하', 'FREE', 17),
    (141, '쉽고 빠른 스타일링 Tailwind CSS 기초 가이드', 'https://www.inflearn.com/course/tailwind-css-기초?srsltid=AfmBOoran6emeg4BdcdPHnUTYXV3h_ipF-U2bYisdK74Xyq7pDKrG1g5', '동영상', '인프런', 'HOUR_3', '하', 'UNDER_50K', 17),
    (142, 'TailwindCSS 완벽 마스터: 포트폴리오부터 어드민까지!', 'https://www.inflearn.com/course/tailwindcss-완전정복-포트폴리오-어드민까지', '동영상', '인프런', 'HOUR_10', '중', 'UNDER_50K', 18),
    (143, '테일윈드 CSS', 'https://www.yes24.com/Product/Goods/126841796', '책', 'Yes24', 'OVER_10', '중', 'UNDER_50K', 18),
    (144, 'TailwindCSS 완전 정복 강의 EP01 ~ EP11', 'https://www.youtube.com/watch?v=sOiuZQo93cU&ab_channel=%EC%A7%90%EC%BD%94%EB%94%A9', '동영상', '유튜브', 'HOUR_3', '중', 'FREE', 18),
    (145, '[쉽고 빠른 스타일링 Tailwind CSS 기초 가이드] 설치/확장프로그램/기본속성', 'https://velog.io/@posinity/%EC%89%BD%EA%B3%A0-%EB%B9%A0%EB%A5%B8-%EC%8A%A4%ED%83%80%EC%9D%BC%EB%A7%81-Tailwind-CSS-%EA%B8%B0%EC%B4%88-%EA%B0%80%EC%9D%B4%EB%93%9C', '블로그', '블로그', 'HOUR_5', '중', 'FREE', 18),
    (146, 'Tailwind CSS 사용기', 'https://fe-developers.kakaoent.com/2022/220303-tailwind-tips/', '블로그', '블로그', 'HOUR_1', '중', 'FREE', 18),
    (147, '🚀Next.js + Tailwind.css 로 블로그 만들기 - 1. setting / config + data fetching', 'https://velog.io/@holicholicpop/Next.js-Tailwind.css-로-블로그-만들기-1.-setting-config-data-fetching', '블로그', '블로그', 'HOUR_3', '중', 'FREE', 18),
    (148, 'Tailwind CSS Tutorial #1 - Intro & Setup', 'https://www.youtube.com/watch?v=bxmDnn7lrnk&list=PL4cUxeGkcC9gpXORlEHjc5bgnIi5HEGhw&ab_channel=NetNinja', '동영상', '유튜브', 'HOUR_3', '중', 'FREE', 18),
    (149, '[초급] 40분만에 훑어보는 Sass', 'https://www.inflearn.com/course/%EC%B4%88%EA%B8%89-30%EB%B6%84-sass', '동영상', '인프런', 'HOUR_1', '하', 'UNDER_50K', 19),
    (150, 'CSS에 날개를 달아주는 Sass (SCSS)', 'https://www.inflearn.com/course/css%EC%97%90-%EB%82%A0%EA%B0%9C%EB%A5%BC-%EB%8B%AC%EC%95%84%EC%A3%BC%EB%8A%94-sass-scss', '동영상', '인프런', 'OVER_10', '중', 'UNDER_50K', 19),
    (151, 'The Complete Sass & SCSS Course: From Beginner to Advanced', 'https://www.udemy.com/course/sasscourse/?couponCode=ST8MT220425G1', '동영상', '유데미', 'HOUR_5', '하', 'BETWEEN_50K_100K', 19),
    (152, '실무자를 위한 Sass (CSS 프리프로세서)', 'https://www.udemy.com/course/css-preprocessor/?couponCode=ST8MT220425G1', '동영상', '유데미', 'HOUR_3', '하', 'UNDER_50K', 19),
    (153, 'SASS(SCSS) 기초 개념 및 사용법', 'https://www.youtube.com/watch?v=C4g036Ioo3o&list=PLmAWMAo-opQzz95sYuW5Bj9mcmx0NG-ey', '동영상', '유튜브', 'HOUR_3', '하', 'FREE', 19),
    (154, '초보자를 위한 Sass 기초 강의 & 자몽톡 클론코딩', 'https://www.inflearn.com/course/%EC%B4%88%EB%B3%B4%EC%9E%90-%EC%82%AC%EC%8A%A4-%EA%B8%B0%EC%B4%88%EA%B0%95%EC%9D%98-%ED%81%B4%EB%A1%A0#curriculum', '동영상', '인프런', 'HOUR_5', '하', 'UNDER_50K', 19),
    (155, 'SCSS', 'https://ebook-product.kyobobook.co.kr/dig/epd/ebook/E000008381180', '책', '교보문고', 'OVER_10', '중', 'UNDER_50K', 19),
    (156, 'Sass Moderno (Lleva CSS al siguiente nivel)', 'https://www.udemy.com/course/sass-curso/?couponCode=ST8MT220425G1', '동영상', '유데미', 'HOUR_5', '상', 'UNDER_50K', 19),
    (157, 'SCSS(SASS)+FLEX 실전 반응형 웹 프로젝트 with Figma', 'https://www.inflearn.com/course/scss-flex-실전반응형-웹프로젝트-figma', '동영상', '인프런', 'OVER_10', '중', 'BETWEEN_100K_200K', 19),
    (158, 'React Styled Components Course (V5)', 'https://www.udemy.com/course/styled-components-tutorial-and-project-course/?couponCode=ST7MT290425G1', '동영상', '유데미', 'HOUR_3', '하', 'BETWEEN_50K_100K', 20),
    (159, 'Learn Styled Components in React', 'https://www.coursera.org/learn/learn-styled-components-in-react', '동영상', 'Coursera', 'HOUR_3', '중', 'FREE', 20),
    (160, 'Styled Components', 'https://www.codeit.kr/topics/styled-components', '동영상', '코드잇', 'HOUR_10', '중', 'FREE', 20),
    (161, 'CSS for the <Component> Age', 'https://styled-components.com/', '책', '공식문서', 'OVER_10', '상', 'FREE', 20),
    (162, '[styled-component] 왕초보가 styled-component 배워보기', 'https://velog.io/@pakxe/series/styled-component', '블로그', '블로그', 'HOUR_5', '하', 'FREE', 20),
    (163, 'React Styled Components', 'https://www.youtube.com/playlist?list=PLC3y8-rFHvwgu-G08-7ovbN9EyhF_cltM', '동영상', '유튜브', 'HOUR_1', '하', 'FREE', 20),
    (164, 'Prettier, ESLint 이해하고 사용하기', 'https://velog.io/@imkkuk/Prettier-ESLint-%EC%9D%B4%ED%95%B4%ED%95%98%EA%B3%A0-%EC%82%AC%EC%9A%A9%ED%95%98%EA%B8%B0', '블로그', '블로그', 'HOUR_3', '하', 'FREE', 21),
    (165, '프론트엔드 개발환경의 이해와 실습 (webpack, babel, eslint..)', 'https://www.inflearn.com/course/%ED%94%84%EB%A1%A0%ED%8A%B8%EC%97%94%EB%93%9C-%EA%B0%9C%EB%B0%9C%ED%99%98%EA%B2%BD/community?srsltid=AfmBOoqNJUk176njEl2FaVDoPUp19O7nleyenDXDRLlSBu4QzU5cIn11', '동영상', '인프런', 'HOUR_10', '중', 'BETWEEN_50K_100K', 21),
    (166, 'ESLint 설치 및 configuration 설정하는 방법', 'https://ablue-1.tistory.com/111', '블로그', '블로그', 'HOUR_3', '중', 'FREE', 21),
    (167, '우리 팀을 위한 ESLint, Prettier 공유 컨피그 만들어보기', 'https://techblog.woowahan.com/15903/', '블로그', '블로그', 'HOUR_5', '상', 'FREE', 21),
    (168, 'Prettier, ESLint 설치하기 [ 리액트 (React + Typescript) ]', 'https://www.youtube.com/watch?v=RDIKsxddlmg&ab_channel=어라운드허브스튜디오-AroundHubStudio', '동영상', '유튜브', 'HOUR_1', '하', 'FREE', 21),
    (169, 'Prettier', 'https://ebook-product.kyobobook.co.kr/dig/epd/ebook/E000007628389', '책', '교보문고', 'OVER_10', '중', 'UNDER_50K', 21),
    (170, 'ESLint', 'https://ebook-product.kyobobook.co.kr/dig/epd/ebook/E000006806383', '책', '교보문고', 'OVER_10', '중', 'UNDER_50K', 21),
    (171, 'Next.js 시작하기', 'https://www.inflearn.com/course/next-js-%EC%8B%9C%EC%9E%91%ED%95%98%EA%B8%B0', '동영상', '인프런', 'HOUR_10', '하', 'BETWEEN_50K_100K', 22),
    (172, 'NextJS 시작하기', 'https://nomadcoders.co/nextjs-for-beginners', '동영상', '노마드코더', 'HOUR_5', '하', 'FREE', 22),
    (173, 'Next.js 완벽 마스터 (v15): Notion 기반 개발자 블로그 만들기 (with Cursor AI)', 'https://www.inflearn.com/course/next-%EC%99%84%EB%B2%BD%EB%A7%88%EC%8A%A4%ED%84%B0-notion-%EA%B0%9C%EB%B0%9C%EC%9E%90%EB%B8%94%EB%A1%9C%EA%B7%B8-cursorai', '동영상', '인프런', 'OVER_10', '상', 'BETWEEN_100K_200K', 22),
    (174, 'Next.js 13', 'https://opentutorials.org/course/5098', '동영상', '생활코딩', 'HOUR_5', '하', 'FREE', 22),
    (175, 'Next.js로 웹서비스 만들기', 'https://codingapple.com/course/next-js/', '동영상', '코딩애플', 'HOUR_10', '중', 'BETWEEN_100K_200K', 22),
    (176, 'Next.js로 웹사이트 최적화하기', 'https://www.codeit.kr/paths/nextjs-web-development', '동영상', '코드잇', 'HOUR_10', '중', 'FREE', 22),
    (177, 'Introduction to Next.js', 'https://www.coursera.org/learn/introduction-to-next-js', '동영상', 'Coursera', 'HOUR_3', '하', 'FREE', 22),
    (178, 'Next.js 15 & React - The Complete Guide', 'https://www.udemy.com/course/nextjs-react-the-complete-guide/?couponCode=ST8MT220425G1', '동영상', '유데미', 'OVER_10', '중', 'BETWEEN_100K_200K', 22),
    (179, '쉽게 시작하는 Next.js', 'https://ebook-product.kyobobook.co.kr/dig/epd/ebook/E000010731194', '책', '교보문고', 'OVER_10', '하', 'UNDER_50K', 22),
    (180, '실전에서 바로 쓰는 Next.js', 'https://ebook-product.kyobobook.co.kr/dig/epd/ebook/E000005120537', '책', '교보문고', 'OVER_10', '상', 'UNDER_50K', 22),
    (181, 'Next + React Query로 SNS 서비스 만들기', 'https://www.inflearn.com/course/next-react-query-sns%EC%84%9C%EB%B9%84%EC%8A%A4', '동영상', '인프런', 'OVER_10', '상', 'BETWEEN_50K_100K', 22),
    (182, '한 입 크기로 잘라먹는 Next.js(v15)', 'https://www.inflearn.com/course/%ED%95%9C%EC%9E%85-%ED%81%AC%EA%B8%B0-nextjs', '동영상', '인프런', 'OVER_10', '하', 'UNDER_50K', 22),
    (183, 'NextJS 14 : quick start', 'https://www.youtube.com/watch?v=ogV4d6q-ykQ&list=PLeMeDIV7bypu08YTMGuKyjHgLnGN8VZ28&index=3', '동영상', '유튜브', 'HOUR_1', '하', 'FREE', 22),
    (184, '리액트 리렌더링 최적화 방법 조사', 'https://blog.teamelysium.kr/react-rerendering-optimization', '블로그', '블로그', 'HOUR_3', '중', 'FREE', 23),
    (185, '부트캠프에서 알려주지 않는 것들 (리액트 렌더링 최적화 편) 2편', 'https://www.inflearn.com/course/%EB%B6%80%ED%8A%B8%EC%BA%A0%ED%94%84-%EC%95%8C%EB%A0%A4%EC%A3%BC%EC%A7%80%EC%95%8A%EB%8A%94%EA%B2%83%EB%93%A4-%EB%A6%AC%EC%95%A1%ED%8A%B8-%EB%A0%8C%EB%8D%94%EB%A7%81-%EC%B5%9C%EC%A0%81%ED%99%94', '동영상', '인프런', 'HOUR_3', '상', 'UNDER_50K', 23),
    (186, '모던 리액트 Deep Dive', 'https://product.kyobobook.co.kr/detail/S000210725203', '책', '교보문고', 'OVER_10', '상', 'UNDER_50K', 23),
    (187, 'Learn useCallback in 8minutes', 'https://www.youtube.com/watch?v=_AyFP5s69N4&ab_channel=WebDevSimplified', '동영상', '유튜브', 'HOUR_1', '중', 'FREE', 23),
    (188, 'React.memo로 컴포넌트 최적화하기 (ft. useMemo, useCallback)', 'https://www.youtube.com/watch?v=oqUgcxwrnSY&ab_channel=별코딩', '동영상', '유튜브', 'HOUR_1', '중', 'FREE', 23),
    (189, 'React Advanced Concepts: Re-Rendering, Performance & More', 'https://www.udemy.com/course/react-advanced', '동영상', '유데미', 'HOUR_10', '중', 'BETWEEN_50K_100K', 23),
    (190, 'React Render Tutorial', 'https://www.youtube.com/playlist?list=PLC3y8-rFHvwg7czgqpQIBEAHn8D6l530t', '동영상', '유튜브', 'HOUR_3', '하', 'FREE', 23),
    (191, '8 React Js performance optimization techniques YOU HAVE TO KNOW!', 'https://www.youtube.com/watch?v=CaShN6mCJB0 ', '동영상', '유튜브', 'HOUR_1', '하', 'FREE', 23),
    (192, 'Learn React Query In 50 Minutes', 'https://www.youtube.com/watch?v=r8Dg0KVnfMA', '동영상', '유튜브', 'HOUR_1', '하', 'FREE', 24),
    (193, 'React Query Tutorial for Beginners', 'https://www.youtube.com/playlist?list=PLC3y8-rFHvwjTELCrPrcZlo6blLBUspd2', '동영상', '유튜브', 'HOUR_3', '하', 'FREE', 24),
    (194, 'React Query', 'https://www.codeit.kr/topics/react-query', '동영상', '코드잇', 'OVER_10', '상', 'FREE', 24),
    (195, 'React Query |TanStack Query:Server State Management in React', 'https://www.udemy.com/course/react-query-tanstack-query-server-state-management-in-react/?couponCode=ST8MT220425G1', '동영상', '유데미', 'HOUR_5', '하', 'UNDER_50K', 24),
    (196, '리액트 쿼리', 'https://ebook-product.kyobobook.co.kr/dig/epd/ebook/E000006500261', '책', '교보문고', 'OVER_10', '중', 'UNDER_50K', 24),
    (197, 'React Query / TanStack Query: React Server State Management', 'https://www.udemy.com/course/learn-react-query/?couponCode=ST8MT220425G1', '동영상', '유데미', 'HOUR_10', '중', 'BETWEEN_50K_100K', 24),
    (198, 'State Management with React Query', 'https://product.kyobobook.co.kr/detail/S000202678072', '책', '교보문고', 'OVER_10', '상', 'UNDER_50K', 24),
    (199, 'React Query : quick start', 'https://www.youtube.com/watch?v=rQwJMmgx_bg', '동영상', '유튜브', 'HOUR_1', '하', 'FREE', 24),
    (200, 'Learn React Query In 50 Minutes', 'https://www.youtube.com/watch?v=r8Dg0KVnfMA', '동영상', '유튜브', 'HOUR_1', '중', 'FREE', 24),
    (201, 'React Query Tutorial', 'https://www.youtube.com/playlist?list=PLzYM-WGWIJDTMei3yRgQtiDGlUdP1ydw3', '동영상', '유튜브', 'HOUR_3', '하', 'FREE', 24),
    (202, 'Vue Test Utils', 'https://joshua1988.github.io/vue-camp/testing/vue-test-util.html#%E1%84%8E%E1%85%AC%E1%84%89%E1%85%B5%E1%86%AB-vue-cli-3-x-%E1%84%87%E1%85%A5%E1%84%8C%E1%85%A5%E1%86%AB-%E1%84%8B%E1%85%B5%E1%84%89%E1%85%A1%E1%86%BC-%E1%84%8B%E1%85%A6%E1%84%89%E1%85%A5-%E1%84%89%E1%85%A5%E1%86%AF%E1%84%8E%E1%85%B5-%E1%84%87%E1%85%A1%E1%86%BC%E1%84%87%E1%85%A5%E1%86%B8', '블로그', 'GitHub', 'HOUR_1', '하', 'FREE', 25),
    (203, 'Vue Unit Testing', 'https://www.youtube.com/playlist?list=PLXDouhCU5r6oai6AB-WpDNPxEAqhvDfFt', '동영상', '유튜브', 'HOUR_3', '하', 'FREE', 25),
    (204, 'Testing Vue 3 apps with Vue Test Utils', 'https://www.youtube.com/playlist?list=PLC2LZCNWKL9ahK1IoODqYxKu5aA9T5IOA', '동영상', '유튜브', 'HOUR_1', '하', 'FREE', 25),
    (205, 'Vue Testing with Vue Test Utils', 'https://www.youtube.com/watch?v=QIDhzBg5eWY', '동영상', '유튜브', 'HOUR_3', '하', 'FREE', 25),
    (206, '[최신] Vue 강의 끝판왕 : Nuxt 3 완벽 마스터', 'https://www.inflearn.com/course/vue-%EB%81%9D%ED%8C%90%EC%99%95-nuxt3-%EC%99%84%EB%B2%BD%EB%A7%88%EC%8A%A4%ED%84%B0', '동영상', '인프런', 'OVER_10', '상', 'BETWEEN_100K_200K', 26),
    (207, 'Nuxt.js 시작하기', 'https://www.inflearn.com/course/%EB%84%89%EC%8A%A4%ED%8A%B8-%EC%8B%9C%EC%9E%91%ED%95%98%EA%B8%B0', '동영상', '인프런', 'HOUR_10', '상', 'BETWEEN_50K_100K', 26),
    (208, 'Nuxt 3 기반으로 AI Flatform 만들기', 'https://www.youtube.com/playlist?list=PLIZTLPwzS_qXH5YR-3ZxN5W5gqgDlxwQ1', '동영상', '유튜브', 'HOUR_3', '중', 'FREE', 26),
    (209, 'Nuxt.js 강좌', 'https://www.youtube.com/playlist?list=PLDE8MlAqcTnA9bJPt_aA-9A0YehTJ3FrC', '동영상', '유튜브', 'HOUR_3', '중', 'FREE', 26),
    (210, 'Nuxt3 Pinia Full Course (feat. News API)', 'https://www.youtube.com/watch?v=5eA0V540hZs', '동영상', '유튜브', 'HOUR_3', '상', 'FREE', 26),
    (211, 'Nuxt 3 Tutorial', 'https://www.youtube.com/playlist?list=PL4cUxeGkcC9haQlqdCQyYmL_27TesCGPC', '동영상', '유튜브', 'HOUR_3', '하', 'FREE', 26),
    (212, 'Master Nuxt.js - A Vuejs framework by building projects', 'https://www.udemy.com/course/master-nuxtjs-a-vuejs-framework-by-building-projects-and-deploy/', '동영상', '유데미', 'HOUR_3', '중', 'UNDER_50K', 26),
    (213, 'Angular SSR In Depth (formerly Angular Universal)', 'https://www.udemy.com/course/angular-universal-course/?srsltid=AfmBOootMXpadDq_XUYQfVcQceOcvF08PJy6eLnaJ4_ofUw5TBfB8MAG', '동영상', '유데미', 'HOUR_5', '중', 'BETWEEN_50K_100K', 27),
    (214, 'Angular 16 Server Side Rendering and Client Side Rendering - Angular Universal', 'https://www.youtube.com/watch?v=lZoRAcoEFOw', '동영상', '유튜브', 'HOUR_1', '하', 'FREE', 27),
    (215, 'Angular SSR Deep Dive (With Client HYDRATION)', 'https://www.youtube.com/watch?v=U1MP4uCuUVI', '동영상', '유튜브', 'HOUR_1', '하', 'FREE', 27),
    (216, 'https://angular.io/guide/universal', 'https://v17.angular.io/guide/ssr', '책', '공식문서', 'OVER_10', '중', 'FREE', 27),
    (217, 'Angular 19 SSR Guide', 'https://www.youtube.com/playlist?list=PL_euSNU_eLbc91j2QvA_URGFwbHZsjS95', '동영상', '유튜브', 'HOUR_3', '하', 'FREE', 27),
    (218, '[Vanilla Javascript] Jasmine을 이용해 테스트 코드 작성해보기', 'https://datobi.tistory.com/55', '블로그', '블로그', 'HOUR_1', '중', 'FREE', 28),
    (219, 'Jasmine JavaScript Testing Second Edition', 'https://product.kyobobook.co.kr/detail/S000035154674', '책', '교보문고', 'OVER_10', '중', 'BETWEEN_50K_100K', 28),
    (220, '[10분 테코톡] 자스민, 병민의 웹팩 최적화 Part1', 'https://www.youtube.com/watch?v=QXYWlqK2eHI', '동영상', '유튜브', 'HOUR_1', '하', 'FREE', 28),
    (221, 'Jasmine Testing Framework Course', 'https://www.youtube.com/playlist?list=PL_euSNU_eLbcpJdoM-WWzUlNNVM4TwtMl', '동영상', '유튜브', 'HOUR_10', '상', 'FREE', 28),
    (222, 'Jasmine JS: Start Testing From-Scratch', 'https://www.testim.io/blog/jasmine-js-a-from-scratch-tutorial-to-start-testing/', '블로그', '블로그', 'HOUR_3', '중', 'FREE', 28),
    (223, 'JavaScript Testing with Jasmine', 'https://product.kyobobook.co.kr/detail/S000028165901', '책', '교보문고', 'OVER_10', '상', 'UNDER_50K', 28),
    (224, 'Jasmine Testing Framework: A Complete Guide', 'https://www.lambdatest.com/learning-hub/jasmine-unit-testing', '블로그', '블로그', 'HOUR_3', '중', 'FREE', 28),
    (225, 'Webpack 5: Optimizing For Production', 'https://www.udemy.com/course/webpack-optimizing-for-production/?couponCode=ST8MT220425G1', '동영상', '유데미', 'HOUR_10', '중', 'BETWEEN_50K_100K', 29),
    (226, 'Webpack', 'https://www.youtube.com/playlist?list=PLuHgQVnccGMChcT9IKopFDoAIoTA-03DA', '동영상', '유튜브', 'HOUR_3', '하', 'FREE', 29),
    (227, 'webpack', 'https://github.com/webpack/webpack', '책', 'GitHub', 'HOUR_1', '하', 'FREE', 29),
    (228, 'webpack DOCS', 'https://webpack.kr/concepts/', '책', '공식문서', 'OVER_10', '하', 'FREE', 29),
    (229, 'Webpack 5 Fundamentals', 'https://www.youtube.com/playlist?list=PLB67cosR0_lPUXIK35J8M7EQUbUJQMA0Q', '동영상', '유튜브', 'HOUR_3', '하', 'FREE', 29),
    (230, '프론트엔드 개발자를 위한 웹팩', 'https://www.inflearn.com/course/%ED%94%84%EB%9F%B0%ED%8A%B8%EC%97%94%EB%93%9C-%EC%9B%B9%ED%8C%A9#curriculum', '동영상', '인프런', 'HOUR_5', '하', 'UNDER_50K', 29),
    (231, '프론트엔드 개발환경의 이해와 실습 (webpack, babel, eslint..)', 'https://www.inflearn.com/course/%ED%94%84%EB%A1%A0%ED%8A%B8%EC%97%94%EB%93%9C-%EA%B0%9C%EB%B0%9C%ED%99%98%EA%B2%BD', '동영상', '인프런', 'HOUR_10', '상', 'BETWEEN_50K_100K', 29),
    (232, 'Webpack 5 Up and Running', 'https://product.kyobobook.co.kr/detail/S000003531061', '책', '교보문고', 'OVER_10', '상', 'UNDER_50K', 29),
    (233, 'Webpack 5: The Complete Guide For Beginners', 'https://www.udemy.com/course/webpack-from-beginner-to-advanced', '동영상', '유데미', 'HOUR_5', '하', 'BETWEEN_50K_100K', 29),
    (234, '웹팩 핸드북', 'https://joshua1988.github.io/webpack-guide/guide.html', '책', 'GitHub', 'HOUR_1', '하', 'FREE', 29),
    (235, 'Webpack 5 and Vite: A New Way to Learn - Active Thinking', 'https://www.udemy.com/course/webpack-5-vite/', '동영상', '유데미', 'HOUR_5', '중', 'UNDER_50K', 29),
    (236, 'Webpack 5 Ninja - Build Micro frontend and web apps', 'https://www.udemy.com/course/webpack-5-ninja-build-micro-frontend-and-web-apps', '동영상', '유데미', 'HOUR_10', '중', 'BETWEEN_50K_100K', 29),
    (237, 'Learn React Micro Frontend From Scratch Using Webpack', 'https://www.udemy.com/course/learn-react-micro-frontends-from-scratch-using-webpack', '동영상', '유데미', 'HOUR_5', '상', 'BETWEEN_50K_100K', 29),
    (238, 'Webpack for React Applications', 'https://www.udemy.com/course/webpack-for-react-applications', '동영상', '유데미', 'HOUR_5', '중', 'UNDER_50K', 29),
    (239, 'webpack', 'https://www.youtube.com/playlist?list=PL-qMANrofLysX7hRV9BQymJFLD7Fasiv6', '동영상', '유튜브', 'HOUR_3', '하', 'FREE', 29),
    (240, 'CloudFront 총 정리', 'https://www.youtube.com/watch?v=-r_S_kweXlk&list=PLfth0bK2MgIazkNsXM59WNVCY_6kwSnxU', '동영상', '유튜브', 'HOUR_3', '하', 'FREE', 30),
    (241, 'CI/CD 5분 개념 정리 (현업에서 쓰는 개발 프로세스)', 'https://youtu.be/0Emq5FypiMM?si=xU4tZLVc5gsifqoI', '동영상', '유튜브', 'HOUR_1', '하', 'FREE', 30),
    (242, 'Amazon S3 및 CloudFront에 React 기반 단일 페이지 애플리케이션 배포', 'https://docs.aws.amazon.com/ko_kr/prescriptive-guidance/latest/patterns/deploy-a-react-based-single-page-application-to-amazon-s3-and-cloudfront.html', '블로그', '공식문서', 'HOUR_1', '하', 'FREE', 30),
    (243, '제발 깃허브 액션🔥 모르는 개발자 없게해 주세요 🙏', 'https://youtu.be/iLqGzEkusIw?si=Nqg-hETnetlMqUTF', '동영상', '유튜브', 'HOUR_1', '하', 'FREE', 30),
    (244, '실무에 바로 적용하는 AWS 배포', 'https://www.inflearn.com/course/%EC%8B%A4%EB%AC%B4-%EB%B0%94%EB%A1%9C-%EC%A0%81%EC%9A%A9%ED%95%98%EB%8A%94-aws-%EB%B0%B0%ED%8F%AC', '동영상', '인프런', 'HOUR_5', '중', 'UNDER_50K', 30),
    (245, 'S3와 CloudFront를 이용하여 에러없이 SPA 배포하기', 'https://bigboss.dev/2022/11/cloudfront-functions-for-spa/', '블로그', '블로그', 'HOUR_1', '하', 'FREE', 30),
    (246, '도대체 프론트엔드 빌드는 왜 하는거에요?', 'https://youtu.be/D-fqNyTV3b8?si=VC0kKgLUKmw-ddpF', '동영상', '유튜브', 'HOUR_1', '하', 'FREE', 30),
    (247, 'The cloud architects guide to CloudFront', 'https://www.udemy.com/course/the-cloud-architects-guide-to-cloudfront/?utm_source=adwords&utm_medium=udemyads&utm_campaign=Search_DSA_Beta_Prof_la.EN_cc.ROW-English&campaigntype=Search&portfolio=ROW-English&language=EN&product=Course&test=&audience=DSA&topic=&priority=Beta&utm_content=deal4584&utm_term=_._ag_162511579404_._ad_696197165421_._kw__._de_c_._dm__._pl__._ti_dsa-1677053911088_._li_9196622_._pd__._&matchtype=&gad_source=1&gbraid=0AAAAADROdO1LjJ0fto2rbz32I6LKCIy2j&gclid=CjwKCAjwn6LABhBSEiwAsNJrjujizbVpi1kgEdDANfpV0dR_vBKndtzVFeOVrHcYXsrn7BcdADmGyRoC9ncQAvD_BwE&couponCode=ST8MT220425G1', '동영상', '유데미', 'HOUR_3', '중', 'UNDER_50K', 30),
    (248, '[Front-End] CI/CD에 대해서 알아보고 배포 준비하기', 'https://velog.io/@hayoung474/%ED%94%84%EB%A1%A0%ED%8A%B8%EC%97%94%EB%93%9C-Github-Action%EB%A5%BC-%ED%86%B5%ED%95%9C-%EB%B9%8C%EB%93%9C-%ED%85%8C%EC%8A%A4%ED%8A%B8-%EC%9E%90%EB%8F%99%ED%99%94', '블로그', '블로그', 'HOUR_3', '하', 'FREE', 30),
    (249, '프로트엔드 배포 일지', 'https://babble-dev.tistory.com/32', '블로그', '블로그', 'HOUR_3', '하', 'FREE', 30),
    (250, 'AWS 배포 완벽가이드 (feat. Lightsail, Docker, ECS)', 'https://www.inflearn.com/course/aws-배포-완벽가이드', '동영상', '인프런', 'OVER_10', '중', 'BETWEEN_50K_100K', 30),
    (251, '비전공자도 이해할 수 있는 Docker 입문/실전', 'https://www.inflearn.com/course/%EB%B9%84%EC%A0%84%EA%B3%B5%EC%9E%90-docker-%EC%9E%85%EB%AC%B8-%EC%8B%A4%EC%A0%84?srsltid=AfmBOoodrUu-ydxnuDiryh1SVY89-Pvz4y9YWzfdDsVKnhP5qaMmoeVP', '동영상', '인프런', 'HOUR_10', '중', 'BETWEEN_50K_100K', 30),
    (252, '【한글자막】 DevOps 학습: 파이프라인 및 Docker를 이용한 Jenkins 와의 CI/CD', 'https://www.udemy.com/course/best-devops-docker-jenkins-cicd/', '동영상', '유데미', 'HOUR_5', '중', 'BETWEEN_50K_100K', 30),
    (253, '【한글자막】 Docker & Kubernetes : 실전 가이드', 'https://www.udemy.com/course/docker-kubernetes-2022', '동영상', '유데미', 'OVER_10', '상', 'BETWEEN_100K_200K', 30),
    (254, '배포자동화(CI/CD) - Github Actions/Nuxtjs/Docker/EC2', 'https://www.youtube.com/watch?v=E3i9qt0SS-I', '동영상', '유튜브', 'HOUR_1', '하', 'FREE', 30),
    (255, '프론트엔드 개발자를 위한 Docker로 React 개발 및 배포하기', 'https://velog.io/@oneook/Docker%EB%A1%9C-React-%EA%B0%9C%EB%B0%9C-%EB%B0%8F-%EB%B0%B0%ED%8F%AC%ED%95%98%EA%B8%B0', '블로그', '블로그', 'HOUR_1', '중', 'FREE', 30),
    (256, '개발자를 위한 쉬운 도커', 'https://www.inflearn.com/course/개발자를-위한-쉬운-도커', '동영상', '인프런', 'HOUR_10', '하', 'BETWEEN_50K_100K', 30),
    (257, 'Frontend 효율적으로 배포하기 (React + Nginx + Docker)', 'https://ye0nn.tistory.com/67', '블로그', '블로그', 'HOUR_1', '하', 'FREE', 30),
    (258, '[Docker] 프론트에서 도커로 배포 자동화하기', 'https://velog.io/@navyjeongs/Docker-%ED%94%84%EB%A1%A0%ED%8A%B8%EC%97%90%EC%84%9C-%EB%8F%84%EC%BB%A4%EB%A1%9C-%EB%B0%B0%ED%8F%AC-%EC%9E%90%EB%8F%99%ED%99%94%ED%95%98%EA%B8%B0', '블로그', '블로그', 'HOUR_1', '하', 'FREE', 30),
    (259, '프론트엔드 배포 자동화(feat. Netlify, Github Actions)', 'https://velog.io/@j7papa/%ED%94%84%EB%A1%A0%ED%8A%B8%EC%97%94%EB%93%9C-%EB%B0%B0%ED%8F%AC-%EC%9E%90%EB%8F%99%ED%99%94feat.-Netlify-Github-Actions', '블로그', '블로그', 'HOUR_3', '하', 'FREE', 30),
    (260, '[실습] Docker 전체 흐름 느껴보기', 'https://www.youtube.com/watch?v=Rw1gRR7lZwQ', '동영상', '유튜브', 'HOUR_3', '하', 'FREE', 30),
    (261, 'Dockerize your React app and serve your build artifacts through Nginx', 'https://www.youtube.com/watch?v=gM2cWo1DWIk', '동영상', '유튜브', 'HOUR_1', '중', 'FREE', 30),
    (262, '실무에 바로 적용하는 프런트엔드 테스트 - 1부. 테스트 기초: 단위・통합 테스트', 'https://www.inflearn.com/course/%EC%8B%A4%EB%AC%B4%EC%A0%81%EC%9A%A9-%ED%94%84%EB%9F%B0%ED%8A%B8%EC%97%94%EB%93%9C-%ED%85%8C%EC%8A%A4%ED%8A%B8-1%EB%B6%80', '동영상', '인프런', 'HOUR_5', '중', 'BETWEEN_50K_100K', 33),
    (263, '근본있는 프론트엔드 유닛테스트', 'https://www.inflearn.com/course/%EA%B7%BC%EB%B3%B8%EC%9E%88%EB%8A%94-%ED%94%84%EB%A1%A0%ED%8A%B8%EC%97%94%EB%93%9C-%EC%9C%A0%EB%8B%9B%ED%85%8C%EC%8A%A4%ED%8A%B8', '동영상', '인프런', 'HOUR_5', '하', 'UNDER_50K', 33),
    (264, 'React - 컴포넌트 테스팅 (React Testing Library)', 'https://velog.io/@goodjam92/React-%EC%BB%B4%ED%8F%AC%EB%84%8C%ED%8A%B8-%ED%85%8C%EC%8A%A4%ED%8C%85-React-Testing-Library', '블로그', '블로그', 'HOUR_1', '하', 'FREE', 33),
    (265, 'Snapshot Testing', 'https://jestjs.io/docs/snapshot-testing', '블로그', '블로그', 'HOUR_3', '하', 'FREE', 33),
    (266, 'react testing library와 jest로 React 유닛 테스트 구현하기', 'https://blog.pumpkin-raccoon.com/81', '블로그', '블로그', 'HOUR_1', '하', 'FREE', 33),
    (267, 'React Testing Library and Jest: The Complete Guide', 'https://www.udemy.com/course/react-testing-library-and-jest/?couponCode=ST7MT290425G1', '동영상', '유데미', 'HOUR_10', '상', 'BETWEEN_50K_100K', 33),
    (268, '실무에 바로 적용하는 프런트엔드 테스트 - 2부. 테스트 심화: 시각적 회귀・E2E 테스트', 'https://www.inflearn.com/course/%EC%8B%A4%EB%AC%B4%EC%A0%81%EC%9A%A9-%ED%94%84%EB%9F%B0%ED%8A%B8%EC%97%94%EB%93%9C-%ED%85%8C%EC%8A%A4%ED%8A%B8-2%EB%B6%80', '동영상', '인프런', 'HOUR_5', '중', 'BETWEEN_50K_100K', 34),
    (269, '따라하며 배우는 리액트 테스트 [2023.11 업데이트]', 'https://www.inflearn.com/course/%EB%94%B0%EB%9D%BC%ED%95%98%EB%8A%94-%EB%A6%AC%EC%95%A1%ED%8A%B8-%ED%85%8C%EC%8A%A4%ED%8A%B8#curriculum', '동영상', '인프런', 'HOUR_10', '하', 'UNDER_50K', 34),
    (270, '프런트엔드 개발을 위한 테스트 입문', 'https://ebook-product.kyobobook.co.kr/dig/epd/ebook/E000008900593', '책', '교보문고', 'OVER_10', '중', 'UNDER_50K', 34),
    (271, '실용적인 프론트엔드 테스트 전략 (2)', 'https://ui.toast.com/weekly-pick/ko_20190116#%EC%B6%94%EA%B0%80-%EC%8B%9C%EA%B0%81%EC%A0%81-%ED%9A%8C%EA%B7%80-%ED%85%8C%EC%8A%A4%ED%8A%B8', '블로그', '블로그', 'OVER_10', '하', 'FREE', 34),
    (272, '1시간에 끝내는 Linux 기본 명령어', 'https://www.youtube.com/watch?v=ymwMfvzAOPg&list=PL8oUjFBfGVJxH_oJkYfRwSqM9Q5Fy5C1X', '동영상', '유튜브', 'HOUR_1', '하', 'FREE', 35),
    (273, '가장 쉬운 리눅스 강좌', 'https://www.youtube.com/watch?v=tPWBF13JIVk', '동영상', '유튜브', 'HOUR_1', '하', 'FREE', 35),
    (274, '[우분투 리눅스 기초 강의] 이것이 우분투 리눅스다(3판)', 'https://www.youtube.com/watch?v=wDGzJFmSwN8&list=PLVsNizTWUw7HAcyW6bma7trGJfiTSDA44', '동영상', '유튜브', 'OVER_10', '중', 'FREE', 35),
    (275, '리눅스 입문 - 개념으로 탄탄히!!', 'https://www.inflearn.com/course/%EB%A6%AC%EB%88%85%EC%8A%A4-%EC%9E%85%EB%AC%B8', '동영상', '인프런', 'OVER_10', '하', 'BETWEEN_50K_100K', 35),
    (276, '리눅스 커맨드라인 툴 (Full ver.)', 'https://www.inflearn.com/course/%EB%A6%AC%EB%88%85%EC%8A%A4-%EC%BB%A4%EB%A7%A8%EB%93%9C%EB%9D%BC%EC%9D%B8-%ED%88%B4', '동영상', '인프런', 'OVER_10', '하', 'BETWEEN_50K_100K', 35),
    (277, '시스템엔지니어가 알려주는 리눅스 실전편 Bash Shell Script', 'https://www.inflearn.com/course/%EB%A6%AC%EB%88%85%EC%8A%A4-bash-%EC%8B%A4%EC%A0%84%ED%8E%B8', '동영상', '인프런', 'HOUR_10', '상', 'BETWEEN_50K_100K', 35),
    (278, 'Complete Linux Training Course to Get Your Dream IT Job 2025', 'https://www.udemy.com/course/complete-linux-training-course-to-get-your-dream-it-job/?couponCode=ST8MT220425G1', '동영상', '유데미', 'OVER_10', '하', 'BETWEEN_100K_200K', 35),
    (279, 'Mastering Linux: The Comprehensive Guide', 'https://www.udemy.com/course/mastering-linux/?couponCode=ST8MT220425G1', '동영상', '유데미', 'OVER_10', '하', 'UNDER_50K', 35),
    (280, 'Linux 초보자를 위한 기초 명령어와 텍스트 편집기 사용법', 'https://codingon.co.kr/lessonDetail', '동영상', '코딩온', 'HOUR_10', '하', 'UNDER_50K', 35),
    (281, 'Linux 명령 및 셸 스크립팅 실습 소개', 'https://www.coursera.org/learn/hands-on-introduction-to-linux-commands-and-shell-scripting', '동영상', 'Coursera', 'OVER_10', '하', 'FREE', 35),
    (282, 'Advanced Embedded Linux Development 특화 과정', 'https://www.coursera.org/specializations/advanced-embedded-linux-development', '동영상', 'Coursera', 'OVER_10', '중', 'FREE', 35),
    (283, '실용적 유닉스 커맨드', 'https://www.codeit.kr/topics/practical-unix-commands', '동영상', '코드잇', 'HOUR_5', '하', 'FREE', 35),
    (284, '생활코딩 - 리눅스(Linux)', 'https://edu.goorm.io/lecture/12984/%EC%83%9D%ED%99%9C%EC%BD%94%EB%94%A9-%EB%A6%AC%EB%88%85%EC%8A%A4-linux', '동영상', 'goormedu', 'OVER_10', '중', 'FREE', 35),
    (285, '쉽게 배우는 리눅스: 우분투 실습을 통한 Linux 기초 다지기', 'https://ebook-product.kyobobook.co.kr/dig/epd/ebook/E000010611227', '책', '교보문고', 'OVER_10', '하', 'UNDER_50K', 35),
    (286, '시스템 관리자와 일반 사용자를 위한 Unix & Linux 입문', 'https://ebook-product.kyobobook.co.kr/dig/epd/ebook/E000005522281', '책', '교보문고', 'OVER_10', '하', 'UNDER_50K', 35),
    (287, 'Mastering Linux Device Driver Development', 'https://ebook-product.kyobobook.co.kr/dig/epd/ebook/E000003560522', '책', '교보문고', 'OVER_10', '상', 'UNDER_50K', 35),
    (288, '실무 초밀착 리눅스:클라우드 환경 운영부터 성능분석까지', 'https://fastcampus.co.kr/dev_online_linuxcloud', '동영상', 'FASTCAMPUS', 'OVER_10', '상', 'UNKNOWN', 35),
    (289, '혼자 공부하는 네트워크', 'https://www.youtube.com/playlist?list=PLVsNizTWUw7HfOCgvlfHIDPPo3TE-2iQM', '동영상', '유튜브', 'OVER_10', '하', 'FREE', 36),
    (290, '새내기 개발자들을 위한 필수 가이드', 'https://www.youtube.com/watch?app=desktop&v=dsoAkoxZ13o', '동영상', '유튜브', 'HOUR_5', '하', 'FREE', 36),
    (291, '모두의 네트워크', 'https://m.yes24.com/Goods/Detail/61794014', '책', 'Yes24', 'OVER_10', '하', 'UNDER_50K', 36),
    (292, '컴퓨터 네트워킹(하향식 접근)', 'https://product.kyobobook.co.kr/detail/S000061694627', '책', '교보문고', 'OVER_10', '중', 'UNDER_50K', 36),
    (293, 'HTTP 완벽 가이드', 'https://www.yes24.com/product/goods/15381085', '책', 'Yes24', 'OVER_10', '상', 'UNDER_50K', 36),
    (294, '[네트워크]네트워크 기초 지식 정리', 'https://noahlogs.tistory.com/47', '블로그', '블로그', 'HOUR_1', '하', 'FREE', 36),
    (295, '왕초보를 위한 네트워크 기초', 'https://www.inflearn.com/course/%EC%99%95%EC%B4%88%EB%B3%B4-%EB%84%A4%ED%8A%B8%EC%9B%8C%ED%81%AC-%EA%B8%B0%EC%B4%88', '동영상', '인프런', 'HOUR_10', '하', 'BETWEEN_50K_100K', 36),
    (296, '네트워크,그림으로 이해하자', 'https://www.inflearn.com/course/%EB%84%A4%ED%8A%B8%EC%9B%8C%ED%81%AC-%EA%B7%B8%EB%A6%BC-%EC%9D%B4%ED%95%B4', '동영상', '인프런', 'HOUR_3', '하', 'BETWEEN_50K_100K', 36),
    (297, '개발자를 위한 컴퓨터공학 2: 혼자 공부하는 네트워크', 'https://www.inflearn.com/course/%EA%B0%9C%EB%B0%9C%EC%9E%90-%EC%BB%B4%ED%93%A8%ED%84%B0%EA%B3%B5%ED%95%99-%ED%98%BC%EC%9E%90%EA%B3%B5%EB%B6%80%ED%95%98%EB%8A%94-%EB%84%A4%ED%8A%B8%EC%9B%8C%ED%81%AC', '동영상', '인프런', 'OVER_10', '하', 'FREE', 36),
    (298, '외워서 끝내느 네트워크 핵심이론 - 응용', 'https://www.inflearn.com/course/%EB%84%A4%ED%8A%B8%EC%9B%8C%ED%81%AC-%ED%95%B5%EC%8B%AC%EC%9D%B4%EB%A1%A0-%EC%9D%91%EC%9A%A9', '동영상', '인프런', 'HOUR_5', '중', 'UNDER_50K', 36),
    (299, '생활코딩 - 네트워크 개념 잡기(도메인, 네임서버, HTTPS)', 'https://edu.goorm.io/lecture/12973/%EC%83%9D%ED%99%9C%EC%BD%94%EB%94%A9-%EB%84%A4%ED%8A%B8%EC%9B%8C%ED%81%AC-%EA%B0%9C%EB%85%90-%EC%9E%A1%EA%B8%B0-%EB%8F%84%EB%A9%94%EC%9D%B8-%EB%84%A4%EC%9E%84%EC%84%9C%EB%B2%84-https', '동영상', 'goormedu', 'HOUR_3', '하', 'FREE', 36),
    (300, '비전공자의 전공자 따라잡기 - 네트워크, HTTP', 'https://www.inflearn.com/course/%EC%A0%84%EA%B3%B5%EC%9E%90-%EB%94%B0%EB%9D%BC%EC%9E%A1%EA%B8%B0-%EB%84%A4%ED%8A%B8%EC%9B%8C%ED%81%AC-http', '동영상', '인프런', 'HOUR_10', '하', 'UNDER_50K', 36),
    (301, '자바 무료 강의 2시간 완성 (1분 자바)', 'https://www.youtube.com/watch?v=DNCBaeCoMug', '동영상', '유튜브', 'HOUR_3', '하', 'FREE', 39),
    (302, 'Do it! 점프 투 자바', 'https://product.kyobobook.co.kr/detail/S000203246484', '책', '교보문고', 'OVER_10', '하', 'UNDER_50K', 39),
    (303, '김영한의 자바 입문 - 코드로 시작하는 자바 첫걸음', 'https://www.inflearn.com/course/%EA%B9%80%EC%98%81%ED%95%9C%EC%9D%98-%EC%9E%90%EB%B0%94-%EC%9E%85%EB%AC%B8', '동영상', '인프런', 'OVER_10', '하', 'FREE', 39),
    (304, '김영한의 실전 자바 - 기본편', 'https://www.inflearn.com/course/%EA%B9%80%EC%98%81%ED%95%9C%EC%9D%98-%EC%8B%A4%EC%A0%84-%EC%9E%90%EB%B0%94-%EA%B8%B0%EB%B3%B8%ED%8E%B8', '동영상', '인프런', 'OVER_10', '하', 'UNDER_50K', 39),
    (305, '김영한의 실전 자바 - 중급 1편+김영한의 실전 자바 - 중급 2편', 'https://www.inflearn.com/course/%EA%B9%80%EC%98%81%ED%95%9C%EC%9D%98-%EC%8B%A4%EC%A0%84-%EC%9E%90%EB%B0%94-%EC%A4%91%EA%B8%89-1', '동영상', '인프런', 'OVER_10', '중', 'BETWEEN_100K_200K', 39),
    (306, '김영한의 실전 자바 - 고급 1편, 멀티스레드와 동시성+김영한의 실전 자바 - 고급 2편, I/O, 네트워크, 리플렉션+김영한의 실전 자바 - 고급 3편, 람다, 스트림, 함수형 프로그래밍', 'https://www.inflearn.com/course/%EA%B9%80%EC%98%81%ED%95%9C%EC%9D%98-%EC%8B%A4%EC%A0%84-%EC%9E%90%EB%B0%94-%EA%B3%A0%EA%B8%89-1', '동영상', '인프런', 'OVER_10', '상', 'UNKNOWN', 39),
    (307, 'Java의 정석', 'https://www.youtube.com/playlist?list=PLW2UjW795-f6xWA2_MUhEVgPauhGl3xIp', '동영상', '유튜브', 'OVER_10', '상', 'FREE', 39),
    (308, 'java 소개', 'https://www.coursera.org/learn/java-introduction', '동영상', 'Coursera', 'OVER_10', '하', 'FREE', 39),
    (309, '핵심 Java 특화 과정', 'https://www.coursera.org/specializations/core-java', '동영상', 'Coursera', 'OVER_10', '중', 'FREE', 39),
    (310, '최신 파이썬 코딩 무료 강의 | 2024 점프 투 파이썬 통합본', 'https://www.youtube.com/watch?v=ftQZo7XaTOA', '동영상', '유튜브', 'HOUR_10', '하', 'FREE', 40),
    (311, '프로그래밍 시작하기 : 파이썬 입문 (Inflearn Original)+프로그래밍 시작하기 : 도전! 45가지 파이썬 기초 문법 실습 (Inflearn Original)', 'https://www.inflearn.com/course/%ED%94%84%EB%A1%9C%EA%B7%B8%EB%9E%98%EB%B0%8D-%ED%8C%8C%EC%9D%B4%EC%8D%AC-%EC%9E%85%EB%AC%B8-%EC%9D%B8%ED%94%84%EB%9F%B0-%EC%98%A4%EB%A6%AC%EC%A7%80%EB%84%90?attributionToken=hwHwhgoMCJPhocAGEK79otcCEAEaJDY4MWIxNTdmLTAwMDAtMmY5NC1iNDJhLTg4M2QyNGY3Y2M3NCoHMTAzNjgyNzIso4CXIsXL8xfUsp0VwvCeFba3jC2o5aotmNa3LZruxjCQ97Iw9-jDMJvWty06DmRlZmF1bHRfc2VhcmNoSAFYAWgBegJzaQ', '동영상', '인프런', 'OVER_10', '하', 'BETWEEN_50K_100K', 40),
    (312, '우리를 위한 프로그래밍 : 파이썬 중급 (Inflearn Original)', 'https://www.inflearn.com/course/%ED%94%84%EB%A1%9C%EA%B7%B8%EB%9E%98%EB%B0%8D-%ED%8C%8C%EC%9D%B4%EC%8D%AC-%EC%A4%91%EA%B8%89-%EC%9D%B8%ED%94%84%EB%9F%B0-%EC%98%A4%EB%A6%AC%EC%A7%80%EB%84%90', '동영상', '인프런', 'OVER_10', '중', 'BETWEEN_50K_100K', 40),
    (313, '모두를 위한 파이썬 : 필수 문법 배우기 Feat. 오픈소스 패키지 배포 (Inflearn Original)+고수가 되는 파이썬 : 동시성과 병렬성 문법 배우기 Feat. 멀티스레딩 vs 멀티프로세싱 (Inflearn Original)', 'https://www.inflearn.com/course/%ED%94%84%EB%A1%9C%EA%B7%B8%EB%9E%98%EB%B0%8D-%ED%8C%8C%EC%9D%B4%EC%8D%AC-%EC%A4%91%EA%B3%A0%EA%B8%89', '동영상', '인프런', 'OVER_10', '상', 'BETWEEN_100K_200K', 40),
    (314, '프로그래밍의 문을 열다: Python 입문', 'https://codingon.co.kr/lessonDetail', '동영상', '코딩온', 'OVER_10', '하', 'UNDER_50K', 40),
    (315, 'Python 마스터로 가는 길: 고급 문법과 응용', 'https://codingon.co.kr/lessonDetail', '동영상', '코딩온', 'OVER_10', '상', 'UNDER_50K', 40),
    (316, 'Python 활용 중급 과정', 'https://www.codeit.kr/paths/practical-python', '동영상', '코드잇', 'OVER_10', '하', 'FREE', 40),
    (317, '생활코딩 - Python 입문', 'https://edu.goorm.io/lecture/28708/%EC%83%9D%ED%99%9C%EC%BD%94%EB%94%A9-python-%EC%9E%85%EB%AC%B8', '동영상', 'goormedu', 'HOUR_10', '하', 'FREE', 40),
    (318, '점프 투 파이썬', 'https://wikidocs.net/book/1', '책', '위키독스', 'OVER_10', '하', 'FREE', 40),
    (319, 'Kotlin 문법 총 정리 - 1시간', 'https://www.youtube.com/watch?v=OtHkb6wAI5U', '동영상', '유튜브', 'HOUR_1', '하', 'FREE', 42),
    (320, '자바 개발자를 위한 코틀린 입문(Java to Kotlin Starter Guide)', 'https://www.inflearn.com/course/java-to-kotlin', '동영상', '인프런', 'HOUR_5', '하', 'BETWEEN_50K_100K', 42),
    (321, '코틀린 고급편', 'https://www.inflearn.com/course/%EC%BD%94%ED%8B%80%EB%A6%B0-%EA%B3%A0%EA%B8%89%ED%8E%B8', '동영상', '인프런', 'HOUR_10', '상', 'BETWEEN_50K_100K', 42),
    (322, '[중급편] 친절한 JETPACK 개론 <상> (Android Kotlin)+[중급편] 친절한 JETPACK 개론 <하> (Android Kotlin)', 'https://www.inflearn.com/course/%EC%B9%9C%EC%A0%88%ED%95%9C-jetpack-1', '동영상', '인프런', 'OVER_10', '중', 'BETWEEN_100K_200K', 42),
    (323, 'Complete Kotlin development masterclass', 'https://www.udemy.com/course/kotlinmasterclass/?couponCode=ST8MT220425G1', '동영상', '유데미', 'OVER_10', '하', 'BETWEEN_100K_200K', 42),
    (324, 'Java 개발자를 위한 Kotlin', 'https://www.coursera.org/learn/kotlin-for-java-developers', '동영상', 'Coursera', 'OVER_10', '중', 'FREE', 42),
    (325, 'Kotlin의 고급 프로그래밍', 'https://www.coursera.org/learn/advanced-programming-in-kotlin', '동영상', 'Coursera', 'OVER_10', '상', 'FREE', 42),
    (326, 'Google 공식 언어 Kotlin 프로그래밍 시작하기', 'https://edu.goorm.io/lecture/20670/google-%EA%B3%B5%EC%8B%9D-%EC%96%B8%EC%96%B4-kotlin-%ED%94%84%EB%A1%9C%EA%B7%B8%EB%9E%98%EB%B0%8D-%EC%8B%9C%EC%9E%91%ED%95%98%EA%B8%B0', '동영상', 'goormedu', 'OVER_10', '하', 'UNDER_50K', 42),
    (327, 'Kotlin으로 만드는 심플셀스타그램 app', 'https://edu.goorm.io/lecture/45804/kotlin%EC%9C%BC%EB%A1%9C-%EB%A7%8C%EB%93%9C%EB%8A%94-%EC%8B%AC%ED%94%8C%EC%85%80%EC%8A%A4%ED%83%80%EA%B7%B8%EB%9E%A8-app', '동영상', 'goormedu', 'HOUR_5', '하', 'BETWEEN_100K_200K', 42),
    (328, 'Do it! 깡샘의 안드로이드 앱 프로그래밍 with 코틀린 [개정 4판] : 친절한 문법 설명 + 19개 실습 예제로 배우는 모바일 앱 개발', 'https://ebook-product.kyobobook.co.kr/dig/epd/ebook/E000011035564', '책', '교보문고', 'OVER_10', '하', 'UNDER_50K', 42),
    (329, '안드로이드 with Kotlin 앱 프로그래밍 가이드', 'https://ebook-product.kyobobook.co.kr/dig/epd/ebook/E000002949014', '책', '교보문고', 'OVER_10', '하', 'UNDER_50K', 42),
    (330, '코틀린 고급편', 'https://www.inflearn.com/course/코틀린-고급편', '동영상', '인프런', 'HOUR_10', '상', 'UNDER_50K', 42),
    (331, '누구나 SQL - 기초', 'https://www.youtube.com/watch?v=60I72X_aKC4&list=PLb_vgczBBiSRwP4qEA4fvJyAqBWSSrNfq', '동영상', '유튜브', 'HOUR_10', '하', 'FREE', 43),
    (332, 'SQL 마스터클래스', 'https://nomadcoders.co/sql-masterclass', '동영상', '노마드코더', 'OVER_10', '하', 'UNDER_50K', 43),
    (333, '[SQL 기초 강의] 혼자 공부하는 SQL', 'https://www.youtube.com/watch?v=0cRhit1EJM0&list=PLVsNizTWUw7GCfy5RH27cQL5MeKYnl8Pm', '동영상', '유튜브', 'HOUR_10', '하', 'FREE', 43),
    (334, '비전공자의 전공자 따라잡기 - 데이터베이스,SQL', 'https://www.inflearn.com/course/%EB%B9%84%EC%A0%84%EA%B3%B5%EC%9E%90-%EC%A0%84%EA%B3%B5%EC%9E%90-%EB%94%B0%EB%9D%BC%EC%9E%A1%EA%B8%B0-%EB%8D%B0%EC%9D%B4%ED%84%B0%EB%B2%A0%EC%9D%B4%EC%8A%A4-sql', '동영상', '인프런', 'HOUR_10', '하', 'UNDER_50K', 43),
    (335, '기초탄탄, SQL 톺아보기 (입문과정)', 'https://edu.goorm.io/lecture/45796/%EA%B8%B0%EC%B4%88%ED%83%84%ED%83%84-sql-%ED%86%BA%EC%95%84%EB%B3%B4%EA%B8%B0-%EC%9E%85%EB%AC%B8%EA%B3%BC%EC%A0%95', '동영상', 'goormedu', 'HOUR_10', '하', 'BETWEEN_100K_200K', 43),
    (336, '2025 이기적 SQL 개발자 이론서+기출문제', 'https://ebook-product.kyobobook.co.kr/dig/epd/ebook/E000010603338', '책', '교보문고', 'OVER_10', '하', 'UNDER_50K', 43),
    (337, 'Do it! SQL 입문', 'https://ebook-product.kyobobook.co.kr/dig/epd/ebook/E000002945454', '책', '교보문고', 'OVER_10', '하', 'UNDER_50K', 43),
    (338, '혼자 공부하는 SQL', 'https://ebook-product.kyobobook.co.kr/dig/epd/ebook/E000002942571', '책', '교보문고', 'OVER_10', '하', 'UNDER_50K', 43),
    (339, '[백문이불여일타] 데이터 분석을 위한 고급 SQL', 'https://www.inflearn.com/course/%EB%8D%B0%EC%9D%B4%ED%84%B0-%EB%B6%84%EC%84%9D-%EA%B3%A0%EA%B8%89-sql#curriculum', '동영상', '인프런', 'HOUR_5', '상', 'BETWEEN_50K_100K', 43),
    (340, 'The Ultimate MySQL Bootcamp: Go from SQL Beginner to Expert', 'https://www.udemy.com/course/the-ultimate-mysql-bootcamp-go-from-sql-beginner-to-expert/?couponCode=ST8MT220425G1', '동영상', '유데미', 'OVER_10', '하', 'BETWEEN_100K_200K', 43),
    (341, 'Udacity Nanodegree: SQL', 'https://fastcampus.co.kr/dev_online_udacitysql', '동영상', '유데미', 'OVER_10', '하', 'UNKNOWN', 43),
    (342, '[백문이불여일타] 데이터 분석을 위한 기초 SQL', 'https://www.inflearn.com/course/%EB%B0%B1%EB%AC%B8%EC%9D%B4%EB%B6%88%EC%97%AC%EC%9D%BC%ED%83%80-%EB%8D%B0%EC%9D%B4%ED%84%B0-%EB%B6%84%EC%84%9D-%EA%B8%B0%EC%B4%88-sql', '동영상', '인프런', 'HOUR_3', '하', 'UNDER_50K', 43),
    (343, '[백문이불여일타] 데이터 분석을 위한 중급 SQL', 'https://www.inflearn.com/course/%EB%8D%B0%EC%9D%B4%ED%84%B0-%EB%B6%84%EC%84%9D-%EC%A4%91%EA%B8%89-sql', '동영상', '인프런', 'HOUR_5', '중', 'UNDER_50K', 43),
    (344, '처음 시작하는 MySQL DataBase', 'https://edu.goorm.io/lecture/13353/%EC%B2%98%EC%9D%8C-%EC%8B%9C%EC%9E%91%ED%95%98%EB%8A%94-mysql-database', '동영상', 'goormedu', 'HOUR_5', '하', 'UNDER_50K', 44),
    (345, '갖고노는 MySQL 데이터베이스 by 얄코', 'https://www.inflearn.com/course/%EC%96%84%EC%BD%94-%EB%A7%88%EC%9D%B4%EC%97%90%EC%8A%A4%ED%81%90%EC%97%98#curriculum', '동영상', '인프런', 'HOUR_5', '하', 'UNDER_50K', 44),
    (346, '[개념 콕] RDB, RDBMS, NoSQL', 'https://nbcamp.spartacodingclub.kr/blog/%EA%B0%9C%EB%85%90-%EC%BD%95-%EC%9B%B9-%EA%B0%9C%EB%B0%9C-%EC%A7%80%EC%8B%9D-spring%ED%8E%B8-rdb-rdbms-nosql-20953', '블로그', '블로그', 'HOUR_1', '하', 'FREE', 44),
    (347, 'NoSQL 설명!! RDB와는 어떤 차이가 있는지도 설명!! MongoDB, Redis 매우 간단한 예제 포함!!', 'https://www.youtube.com/watch?v=sqVByJ5tbNA&t=18s', '동영상', '유튜브', 'HOUR_1', '하', 'FREE', 44),
    (348, '처음하는 MongoDB(몽고DB) 와 NoSQL(빅데이터) 데이터베이스 부트캠프 [입문부터 활용까지]', 'https://www.inflearn.com/course/nosql-%ED%8C%8C%EC%9D%B4%EC%8D%AC-%EB%AA%BD%EA%B3%A0db-%EC%9E%94%EC%9E%AC%EB%AF%B8%EC%BD%94%EB%94%A9', '동영상', '인프런', 'HOUR_10', '하', 'UNDER_50K', 44),
    (349, 'Javascript로 배우는 NoSQL DB', 'https://www.inflearn.com/course/mongodb_grammar_basics', '동영상', '인프런', 'HOUR_5', '하', 'UNDER_50K', 44),
    (350, 'NoSQL 이해', 'https://www.fun-coding.org/post/mongodb_basic1.html#gsc.tab=0', '블로그', '블로그', 'HOUR_3', '중', 'FREE', 44),
    (351, 'MongoDB를 활용하여, 200억건 이상의 데이터 파이프라인 작성법', 'https://www.inflearn.com/course/%EC%8B%A4%EB%AC%B4%EC%9E%90%EB%8F%84-%EB%AA%A8%EB%A5%B4%EB%8A%94-mongo-%ED%99%9C%EC%9A%A9%EB%B2%95', '동영상', '인프런', 'HOUR_3', '하', 'UNDER_50K', 44),
    (352, 'Learn MongoDB in 2 hours | NoSql Database', 'https://www.udemy.com/course/getting-started-with-mongodb/?couponCode=KRLETSLEARNNOW', '동영상', '유데미', 'HOUR_3', '하', 'UNDER_50K', 44),
    (353, 'Redis : 개발자를 위한 Redis 완벽 가이드', 'https://www.udemy.com/course/redis-the-complete-developers-guide-korean/?couponCode=KRLETSLEARNNOW', '동영상', '유데미', 'OVER_10', '중', 'UNDER_50K', 44),
    (354, '한 눈에 끝내는 SQL', 'https://edu.goorm.io/lecture/15413/%ED%95%9C-%EB%88%88%EC%97%90-%EB%81%9D%EB%82%B4%EB%8A%94-sql', '동영상', 'goormedu', 'OVER_10', '중', 'BETWEEN_50K_100K', 45),
    (355, 'SQL 데이터베이스: 기초부터 데이터 모델링까지', 'https://www.codeit.kr/paths/sql-database-for-developers', '동영상', '코드잇', 'OVER_10', '중', 'UNDER_50K', 45),
    (356, 'SW 개발자를 위한 성능 좋은 SQL 쿼리 작성법', 'https://www.inflearn.com/course/%EC%84%B1%EB%8A%A5%EC%A2%8B%EC%9D%80-%EC%BF%BC%EB%A6%AC%EC%9E%91%EC%84%B1%EB%B2%95?srsltid=AfmBOop4B6wVQpH_jz6hmnmQbW7c76FN66qCPpiR_MsRcxyOjZ7w3nod', '동영상', '인프런', 'HOUR_10', '상', 'BETWEEN_100K_200K', 45),
    (357, '업무에 바로 쓰는 SQL 튜닝', 'https://www.inflearn.com/course/%EC%97%85%EB%AC%B4-sql-%ED%8A%9C%EB%8B%9D?srsltid=AfmBOor_2B3r1qc4Gc0VQ3Wcssas-gWyYgximCXJV9TRBxb_Y1rHAyDZ', '동영상', '인프런', 'HOUR_10', '중', 'BETWEEN_50K_100K', 45),
    (358, '비전공자도 이해할 수 있는 MySQL 성능 최적화 입문/실전 (SQL 튜닝편)', 'https://www.inflearn.com/course/%EB%B9%84%EC%A0%84%EA%B3%B5%EC%9E%90-mysql-%EC%84%B1%EB%8A%A5%EC%B5%9C%EC%A0%95%ED%99%95-sql%ED%8A%9C%EB%8B%9D?srsltid=AfmBOoonqPu1uF2BxvwiyKUEHDcK51ynZXjzmhe_9LE5OLnAfuLjF428', '동영상', '인프런', 'HOUR_3', '중', 'BETWEEN_50K_100K', 45),
    (359, 'SQL Tuning', 'https://www.youtube.com/playlist?list=PLCkO8I_DSQ7ejSSRg0FjAC6Y9aiEWeO0a', '동영상', '유튜브', 'HOUR_5', '중', 'FREE', 45),
    (360, 'SQL SERVER 튜닝 가이드(이론편)', 'https://www.youtube.com/playlist?list=PLCkO8I_DSQ7dbWnsv0-DLsmjR_b2OguPU', '동영상', '유튜브', 'HOUR_5', '상', 'FREE', 45),
    (361, 'SQL SERVER 튜닝 가이드(실습편)', 'https://www.youtube.com/playlist?list=PLCkO8I_DSQ7e8fRtslphWS9fGkClGkxfr', '동영상', '유튜브', 'HOUR_5', '상', 'FREE', 45),
    (362, 'SQL Server 컨설턴트가 알려주는, 쿼리 능력 레벨업(고급 T-SQL 쿼리)', 'https://www.inflearn.com/course/sql-%EC%BF%BC%EB%A6%AC%EB%8A%A5%EB%A0%A5', '동영상', '인프런', 'HOUR_10', '상', 'UNDER_50K', 45),
    (363, '스프링 부트 (Spring Boot) 강의', 'https://www.youtube.com/watch?v=rHJgMRimJ4Y&list=PLlTylS8uB2fBOi6uzvMpojFrNe7sRmlzU', '동영상', '유튜브', 'OVER_10', '하', 'FREE', 46),
    (364, '스프링 입문 - 코드로 배우는 스프링 부트, 웹 MVC, DB 접근 기술', 'https://www.inflearn.com/course/%EC%8A%A4%ED%94%84%EB%A7%81-%EC%9E%85%EB%AC%B8-%EC%8A%A4%ED%94%84%EB%A7%81%EB%B6%80%ED%8A%B8?srsltid=AfmBOorhf7FZ7EFxoVHw6EgjQh2J2Gwya9a2oGKIlkr7yyX5oXo46KzF', '동영상', '인프런', 'HOUR_10', '하', 'FREE', 46),
    (365, '쉽게 배우는 Spring Boot & JPA', 'https://codingapple.com/course/spring-boot-jpa/', '동영상', '코딩애플', 'HOUR_5', '하', 'BETWEEN_50K_100K', 46),
    (366, '자바 스프링 프레임워크(renew ver.) - 신입 프로그래머를 위한 강좌', 'https://www.inflearn.com/course/%EC%8A%A4%ED%94%84%EB%A7%81-%ED%94%84%EB%A0%88%EC%9E%84%EC%9B%8C%ED%81%AC_renew', '동영상', '인프런', 'OVER_10', '하', 'UNDER_50K', 46),
    (367, 'Java 마이크로서비스(MSA) 프로젝트 실습', 'https://www.inflearn.com/course/java-msa-%ED%94%84%EB%A1%9C%EC%A0%9D%ED%8A%B8-%EC%8B%A4%EC%8A%B5', '동영상', '인프런', 'HOUR_10', '상', 'BETWEEN_50K_100K', 46),
    (368, '스프링 MVC 1편 - 백엔드 웹 개발 핵심 기술', 'https://www.inflearn.com/course/%EC%8A%A4%ED%94%84%EB%A7%81-mvc-1', '동영상', '인프런', 'OVER_10', '하', 'BETWEEN_50K_100K', 46),
    (369, '스프링 MVC 2편 - 백엔드 웹 개발 활용 기술', 'https://www.inflearn.com/course/%EC%8A%A4%ED%94%84%EB%A7%81-mvc-2', '동영상', '인프런', 'OVER_10', '하', 'UNDER_50K', 46),
    (370, '스프링 DB 1편 - 데이터 접근 핵심 원리', 'https://www.inflearn.com/course/%EC%8A%A4%ED%94%84%EB%A7%81-db-1', '동영상', '인프런', 'OVER_10', '중', 'BETWEEN_50K_100K', 46),
    (371, '실전! 스프링 부트와 JPA 활용1 - 웹 애플리케이션 개발', 'https://www.inflearn.com/course/%EC%8A%A4%ED%94%84%EB%A7%81%EB%B6%80%ED%8A%B8-JPA-%ED%99%9C%EC%9A%A9-1', '동영상', '인프런', 'HOUR_10', '중', 'BETWEEN_50K_100K', 46),
    (372, '스프링 부트 - 핵심 원리와 활용', 'https://www.inflearn.com/course/%EC%8A%A4%ED%94%84%EB%A7%81%EB%B6%80%ED%8A%B8-%ED%95%B5%EC%8B%AC%EC%9B%90%EB%A6%AC-%ED%99%9C%EC%9A%A9', '동영상', '인프런', 'OVER_10', '중', 'BETWEEN_50K_100K', 46),
    (373, '스프링 MVC 2편 - 백엔드 웹 개발 활용 기술', 'https://www.inflearn.com/course/%EC%8A%A4%ED%94%84%EB%A7%81-mvc-2', '동영상', '인프런', 'OVER_10', '중', 'UNDER_50K', 46),
    (374, '스프링 프레임워크는 내 손에 [스프1탄]', 'https://www.inflearn.com/course/%EC%8A%A4%ED%94%84-spring-1', '동영상', '인프런', 'OVER_10', '하', 'UNDER_50K', 46),
    (375, '스프링 마이크로서비스 코딩 공작소', 'https://product.kyobobook.co.kr/detail/S000061351987', '책', '교보문고', 'OVER_10', '중', 'UNDER_50K', 46),
    (376, '[NarP Series] MVC 프레임워크는 내 손에 [나프2탄]', 'https://www.inflearn.com/course/%EB%82%98%ED%94%84-mvc-2', '동영상', '인프런', 'OVER_10', '하', 'UNDER_50K', 46),
    (377, '스프링 핵심 원리 - 고급편', 'https://www.inflearn.com/course/%EC%8A%A4%ED%94%84%EB%A7%81-%ED%95%B5%EC%8B%AC-%EC%9B%90%EB%A6%AC-%EA%B3%A0%EA%B8%89%ED%8E%B8', '동영상', '인프런', 'OVER_10', '상', 'UNDER_50K', 46),
    (378, '스프링부트 게시판 프로젝트', 'https://www.youtube.com/watch?v=YshcPPHClR4&list=PLV9zd3otBRt7jmXvwCkmvJ8dH5tR_20c0', '동영상', '유튜브', 'HOUR_5', '중', 'FREE', 46),
    (379, '스프링과 스프링부트(Spring Boot)ㅣ정의, 특징, 사용 이유, 생성 방법', 'https://www.codestates.com/blog/content/%EC%8A%A4%ED%94%84%EB%A7%81-%EC%8A%A4%ED%94%84%EB%A7%81%EB%B6%80%ED%8A%B8', '블로그', '블로그', 'HOUR_3', '하', 'FREE', 46),
    (380, '스프링 부트 3 핵심 가이드', 'https://product.kyobobook.co.kr/detail/S000216104276', '책', '교보문고', 'OVER_10', '중', 'UNDER_50K', 46),
    (381, '스프링 부트 3 백엔드 개발자 되기: 자바 편', 'https://product.kyobobook.co.kr/detail/S000212798297', '책', '교보문고', 'OVER_10', '중', 'UNDER_50K', 46),
    (382, '【한글자막】 Spring Boot 3 & Spring Framework 6 마스터하기! [최신판]', 'https://www.udemy.com/course/spring-boot-and-spring-framework-korean', '동영상', '유데미', 'OVER_10', '상', 'BETWEEN_100K_200K', 46),
    (383, 'Do it! Node.js 프로그래밍 입문', 'https://www.youtube.com/playlist?list=PLG7te9eYUi7vxSvo6hvhOaht8oP0PoCwi', '동영상', '유튜브', 'HOUR_5', '하', 'FREE', 47),
    (384, 'WEB2 - Node.js', 'https://opentutorials.org/course/3332', '동영상', '생활코딩', 'HOUR_3', '중', 'FREE', 47),
    (385, '얄코의 Node.js (Korean ver.)', 'https://www.inflearn.com/course/%EC%96%84%EC%BD%94-node-js', '동영상', '인프런', 'HOUR_5', '하', 'UNDER_50K', 47),
    (386, 'NodeJS - The Complete Guide (MVC, REST APIs, GraphQL, Deno)', 'https://www.udemy.com/course/nodejs-the-complete-guide/?couponCode=ST8MT220425G1', '동영상', '유데미', 'OVER_10', '하', 'BETWEEN_100K_200K', 47),
    (387, 'Node.js로 백엔드 서버 개발하기', 'https://www.codeit.kr/paths/nodejs-backend-development', '동영상', '코드잇', 'OVER_10', '중', 'FREE', 47),
    (388, 'Node.js 서버 프로그래밍 과정', 'https://edu.goorm.io/lecture/13564/node-js-%EC%84%9C%EB%B2%84-%ED%94%84%EB%A1%9C%EA%B7%B8%EB%9E%98%EB%B0%8D-%EA%B3%BC%EC%A0%95', '동영상', 'goormedu', 'OVER_10', '중', 'UNDER_50K', 47),
    (389, '[저자 직강] Do it! Node.js 프로그래밍', 'https://edu.goorm.io/lecture/12534/%EC%A0%80%EC%9E%90-%EC%A7%81%EA%B0%95-do-it-node-js-%ED%94%84%EB%A1%9C%EA%B7%B8%EB%9E%98%EB%B0%8D', '동영상', 'goormedu', 'OVER_10', '중', 'FREE', 47),
    (390, '한시간만에 Node.js 백엔드 기초 끝내기 (ft. API 구축)', 'https://www.youtube.com/watch?v=Tt_tKhhhJqY', '동영상', '유튜브', 'HOUR_1', '하', 'FREE', 47),
    (391, 'Do it! Node.js 프로그래밍 입문', 'https://www.youtube.com/watch?v=4inLYlZOKAU&list=PLG7te9eYUi7vxSvo6hvhOaht8oP0PoCwi', '동영상', '유튜브', 'HOUR_10', '하', 'FREE', 47),
    (392, 'Do it! Node.js 프로그래밍 입문 : 쉽고 빠르게 달리는 백엔드 개발', 'https://ebook-product.kyobobook.co.kr/dig/epd/ebook/E000005463761', '책', '교보문고', 'OVER_10', '중', 'UNDER_50K', 47),
    (393, 'Node.js 프로젝트 투입 일주일 전', 'https://ebook-product.kyobobook.co.kr/dig/epd/ebook/E000002955356', '책', '교보문고', 'OVER_10', '상', 'UNDER_50K', 47),
    (394, '생활코딩! Node.js 노드제이에스 프로그래밍', 'https://ebook-product.kyobobook.co.kr/dig/epd/ebook/E000002928538', '책', '교보문고', 'OVER_10', '중', 'UNDER_50K', 47),
    (395, '테스트주도개발(TDD)로 만드는 NodeJS API 서버', 'https://www.inflearn.com/course/%ED%85%8C%EC%8A%A4%ED%8A%B8%EC%A3%BC%EB%8F%84%EA%B0%9C%EB%B0%9C-tdd-nodejs-api', '동영상', '인프런', 'HOUR_5', '중', 'UNDER_50K', 47),
    (396, '【한글자막】 NodeJS 완벽 가이드 : MVC, REST APIs, GraphQL, Deno', 'https://www.udemy.com/course/nodejs-mvc-rest-apis-graphql-deno/', '동영상', '유데미', 'OVER_10', '상', 'BETWEEN_100K_200K', 47),
    (397, 'Vue.js - Django Web Programming (Blog CRUD and Auth)', 'https://www.udemy.com/course/vuejs-django-web-programming-blog-crud-and-auth/?couponCode=ST8MT220425G1', '동영상', '유데미', 'HOUR_5', '중', 'BETWEEN_50K_100K', 48),
    (398, 'python django tutorial 강좌', 'https://www.youtube.com/watch?v=alrLd9T96aA&list=PLi4xPOplIq7d1vDdLBAvS5PmQR-p6KwUz', '동영상', '유튜브', 'HOUR_5', '하', 'FREE', 48),
    (399, '작정하고 장고! Django REST Framework 편', 'https://www.youtube.com/watch?v=1qiQkKshMUs&list=PLQFurmxCuZ2Qmcl0TJame_N79kP2o7VzG', '동영상', '유튜브', 'HOUR_5', '하', 'FREE', 48),
    (400, '【한글자막】 Django 4 및 Python 풀스택 개발자 마스터 클래스', 'https://www.udemy.com/course/django-4-python/?couponCode=ST8MT220425G1', '동영상', '유데미', 'HOUR_5', '중', 'BETWEEN_100K_200K', 48),
    (401, '실전! Django 활용', 'https://www.inflearn.com/course/%EC%8B%A4%EC%A0%84-django-%ED%99%9C%EC%9A%A9#curriculum', '동영상', '인프런', 'HOUR_5', '중', 'BETWEEN_50K_100K', 48),
    (402, '모두를 위한 장고 특화 과정', 'https://www.coursera.org/specializations/django', '동영상', 'Coursera', 'OVER_10', '중', 'FREE', 48),
    (403, 'Django로 하나로 완성하는 MVP 개발', 'https://www.codeit.kr/paths/django-web-development', '동영상', '코드잇', 'OVER_10', '중', 'FREE', 48),
    (404, 'Django 한 그릇 뚝딱', 'https://ebook-product.kyobobook.co.kr/dig/epd/ebook/E000002986653', '책', '교보문고', 'OVER_10', '중', 'UNDER_50K', 48),
    (405, '이한영의 Django(장고) 입문', 'https://ebook-product.kyobobook.co.kr/dig/epd/ebook/E000005171331', '책', '교보문고', 'OVER_10', '하', 'UNDER_50K', 48),
    (406, '장고 기초 끝내기(django Framework)', 'https://www.youtube.com/playlist?list=PLpzDq-W37heQVO-5JnVMp1blZH3M0lo5Z', '동영상', '유튜브', 'HOUR_10', '하', 'UNDER_50K', 48),
    (407, 'Python Flask Web Framework', 'https://www.youtube.com/playlist?list=PLuHgQVnccGMClNOIuT3b3M4YZjxmult2y', '동영상', '생활코딩', 'HOUR_1', '하', 'FREE', 49),
    (408, '점프 투 플라스크', 'https://wikidocs.net/book/4542', '책', '위키독스', 'OVER_10', '하', 'FREE', 49),
    (409, '【한글자막】 Python FLASK로 웹사이트 만들기', 'https://www.udemy.com/course/python-flask-jose/?couponCode=ST8MT220425G1', '동영상', '유데미', 'OVER_10', '중', 'BETWEEN_50K_100K', 49),
    (410, 'flask/플라스크와 백엔드 기본', 'https://www.inflearn.com/course/%ED%8C%8C%EC%9D%B4%EC%8D%AC-%ED%92%80%EC%8A%A4%ED%83%9D-1', '동영상', '인프런', 'OVER_10', '중', 'BETWEEN_50K_100K', 49),
    (411, '파이썬 플라스크(Flask) 기반 웹 개발 및 업무 자동화 서비스 활용', 'https://www.inflearn.com/course/%ED%8C%8C%EC%9D%B4%EC%8D%AC-%ED%94%8C%EB%9D%BC%EC%8A%A4%ED%81%AC-%EC%9B%B9%EC%84%9C%EB%B9%84%EC%8A%A4', '동영상', '인프런', 'HOUR_10', '하', 'UNDER_50K', 49),
    (412, 'Python용 Flask 알아보기 - 전체 튜토리얼', 'https://www.youtube.com/watch?v=Z1RJmh_OqeA', '동영상', '유튜브', 'HOUR_1', '하', 'FREE', 49),
    (413, 'REST APIs with Flask and Python in 2025', 'https://www.udemy.com/course/rest-api-flask-and-python/?couponCode=ST8MT220425G1', '동영상', '유데미', 'OVER_10', '중', 'BETWEEN_100K_200K', 49),
    (414, 'Flask 기반의 파이썬 웹 프로그래밍', 'https://ebook-product.kyobobook.co.kr/dig/epd/ebook/E000002970916', '책', '교보문고', 'OVER_10', '상', 'UNDER_50K', 49),
    (415, 'Flask for Beginners: Creating an Application', 'https://www.coursera.org/projects/flask-for-beginners-creating-an-application', '동영상', 'Coursera', 'HOUR_3', '하', 'FREE', 49),
    (416, 'Python Flask', 'https://www.youtube.com/playlist?list=PLEOnZ6GeucBWvOGSbIKNMp6RMQL9LYRc3', '동영상', '유튜브', 'HOUR_10', '하', 'FREE', 49),
    (417, 'Flask Tutorial Note Web App', 'https://wikidocs.net/book/8078', '책', '위키독스', 'HOUR_3', '하', 'FREE', 49),
    (418, '파이썬과 파이어베이스로 커뮤니티 사이트 만들기', 'https://www.youtube.com/playlist?list=PLqIc89sXpwUCjwzRImFjO2UL8lBopRajj', '동영상', '유튜브', 'HOUR_3', 'nan', 'FREE', 49),
    (419, '실전! 코틀린과 스프링 부트로 도서관리 애플리케이션 개발하기', 'https://www.inflearn.com/course/java-to-kotlin-2?srsltid=AfmBOorwYhOYGDjLQCkG__yqs__NHBpONEGNDTt7xNCGRKkYhpRvFNEA', '동영상', '인프런', 'HOUR_10', '중', 'BETWEEN_50K_100K', 50),
    (420, '자바 개발자를 위한 코틀린 입문', 'https://www.inflearn.com/course/java-to-kotlin', '동영상', '인프런', 'HOUR_10', '하', 'BETWEEN_50K_100K', 50),
    (421, '은행 서버 프로젝트 실습을 통해 배우는 코틀린 마스터 클래스', 'https://www.inflearn.com/course/%EC%9D%80%ED%96%89%EC%84%9C%EB%B2%84-%ED%94%84%EB%A1%9C%EC%A0%9D%ED%8A%B8%EC%8B%A4%EC%8A%B5-%EC%BD%94%ED%8B%80%EB%A6%B0-%EB%A7%88%EC%8A%A4%ED%84%B0%ED%81%B4%EB%9E%98%EC%8A%A4', '동영상', '인프런', 'HOUR_10', '중', 'UNDER_50K', 50),
    (422, '스프링부트+코틀린 - 블로그 프로젝트', 'https://www.youtube.com/watch?v=Fjf5_NQnDVw&list=PLiLLi47PCMPjdezfGUnayz5PwEfwAQCBi', '동영상', '유튜브', 'HOUR_10', '중', 'FREE', 50),
    (423, '코틀린 문법부터 실무까지 (실전 자바->코틀린 변환)', 'https://www.inflearn.com/course/%EC%BD%94%ED%8B%80%EB%A6%B0-%EB%AC%B8%EB%B2%95-%EC%8B%A4%EB%AC%B4-%EC%9E%90%EB%B0%94to%EC%BD%94%ED%8B%80%EB%A6%B0', '동영상', '인프런', 'OVER_10', '상', 'UNDER_50K', 50),
    (424, 'Spring Boot & JPA에서 Java와 Kotlin을 함께 사용하기', 'https://tech.inflab.com/20240110-java-and-kotlin/', '블로그', '블로그', 'HOUR_1', '하', 'FREE', 50),
    (425, '[입문] 누구나 배울 수 있는 코틀린(Kotlin)', 'https://www.inflearn.com/course/kotlin-%EC%9E%85%EB%AC%B8', '동영상', '인프런', 'HOUR_5', '하', 'UNDER_50K', 50),
    (426, 'Kotlin 및 Spring Boot 를 사용하여 RESTFUL API 구축하기', 'https://www.udemy.com/course/build-restful-apis-using-kotlin-and-spring-boot-korean/?couponCode=ST8MT220425G1', '동영상', '유데미', 'HOUR_10', '중', 'UNDER_50K', 50),
    (427, '[고급] Kotlin(코틀린) 개발자를 위한 마스터클래스', 'https://www.udemy.com/course/kotlin-part1/?couponCode=ST8MT220425G1', '동영상', '유데미', 'OVER_10', '상', 'UNDER_50K', 50),
    (428, '[초급] 맛보자! 코틀린과 스프링으로 API 호출하기', 'https://www.inflearn.com/course/%EC%BD%94%ED%8B%80%EB%A6%B0-%EC%8A%A4%ED%94%84%EB%A7%81-api%ED%98%B8%EC%B6%9C-%EC%9E%85%EB%AC%B8?srsltid=AfmBOooOAx44LNVHnS2jyUEBhEWH7kue1OV6yWhDmrlq3ECLKeBpGGXd', '동영상', '인프런', 'HOUR_3', '하', 'FREE', 50),
    (429, '코틀린 쿡북', 'https://www.yes24.com/product/goods/90452827', '책', 'Yes24', 'HOUR_10', '중', 'UNDER_50K', 50),
    (430, '코틀린 마이크로서비스 개발', 'https://www.yes24.com/product/goods/68796734', '책', 'Yes24', 'OVER_10', '상', 'UNDER_50K', 50),
    (431, '자바 ORM 표준 JPA 프로그래밍 - 기본편', 'https://www.inflearn.com/course/ORM-JPA-Basic', '동영상', '인프런', 'OVER_10', '하', 'BETWEEN_50K_100K', 51),
    (432, '실전! 스프링 데이터 JPA', 'https://www.inflearn.com/course/%EC%8A%A4%ED%94%84%EB%A7%81-%EB%8D%B0%EC%9D%B4%ED%84%B0-JPA-%EC%8B%A4%EC%A0%84', '동영상', '인프런', 'HOUR_10', '중', 'BETWEEN_50K_100K', 51),
    (433, '실전! Querydsl', 'https://www.inflearn.com/course/Querydsl-%EC%8B%A4%EC%A0%84', '동영상', '인프런', 'HOUR_10', '상', 'BETWEEN_50K_100K', 51),
    (434, 'ORM, JPA, Spring Data JPA 적용하기 [ 스프링 부트 (Spring Boot) ]', 'https://www.youtube.com/watch?v=OiAYmtq4Av8', '동영상', '유튜브', 'HOUR_1', '하', 'FREE', 51),
    (435, '자바 ORM 표준 JPA 프로그래밍', 'https://product.kyobobook.co.kr/detail/S000000935744', '책', '교보문고', 'OVER_10', '중', 'UNDER_50K', 51),
    (436, '[Spring] ORM (Object Relational Mapping) 이란?', 'https://velog.io/@matcha_/Spring-ORM-Object-Relational-Mapping-%EC%9D%B4%EB%9E%80', '블로그', '블로그', 'HOUR_1', '하', 'FREE', 51),
    (437, '스프링 배치', 'https://www.inflearn.com/course/%EC%8A%A4%ED%94%84%EB%A7%81-%EB%B0%B0%EC%B9%98', '동영상', '인프런', 'OVER_10', '중', 'BETWEEN_50K_100K', 51),
    (438, 'Spring Batch란? 간단한 개념과 코드 살펴보기', 'https://dkswnkk.tistory.com/707', '블로그', '블로그', 'HOUR_1', '하', 'FREE', 51),
    (439, '스프링 시큐리티 완전 정복 [6.x 개정판]', 'https://www.inflearn.com/course/%EC%8A%A4%ED%94%84%EB%A7%81-%EC%8B%9C%ED%81%90%EB%A6%AC%ED%8B%B0-%EC%99%84%EC%A0%84%EC%A0%95%EB%B3%B5', '동영상', '인프런', 'OVER_10', '중', 'BETWEEN_50K_100K', 51),
    (440, '스프링 시큐리티 OAuth2', 'https://www.inflearn.com/course/%EC%A0%95%EC%88%98%EC%9B%90-%EC%8A%A4%ED%94%84%EB%A7%81-%EC%8B%9C%ED%81%90%EB%A6%AC%ED%8B%B0', '동영상', '인프런', 'OVER_10', '상', 'UNDER_50K', 51),
    (441, '스프링 시큐리티', 'https://www.youtube.com/watch?v=y0PXQgrkb90&list=PLJkjrxxiBSFCKD9TRKDYn7IE96K2u3C3U', '동영상', '유튜브', 'HOUR_3', '중', 'FREE', 51),
    (442, 'Spring Security', 'https://spring.io/projects/spring-security', '블로그', '공식문서', 'HOUR_3', '하', 'FREE', 51),
    (443, '【한글자막】 Spring Security 6 초보에서 마스터 되기 최신강의! (JWT , OAUTH2 포함)', 'https://www.udemy.com/course/spring-security-6-jwt-oauth2-korean/?couponCode=ST8MT220425G1', '동영상', '유데미', 'OVER_10', '중', 'UNDER_50K', 51),
    (444, 'Logback vs SLF4J vs Log4J2 - 차이점은 무엇입니까? 자바 두뇌 두뇌 바이트', 'https://www.youtube.com/watch?v=SWHYrCXIL38&t=90s', '동영상', '유튜브', 'HOUR_1', '하', 'FREE', 51),
    (445, '개발자에게 필요한 로그 관리', 'https://www.inflearn.com/course/%EA%B0%9C%EB%B0%9C%EC%9E%90%EC%97%90%EA%B2%8C-%ED%95%84%EC%9A%94%ED%95%9C-%EB%A1%9C%EA%B7%B8%EA%B4%80%EB%A6%AC#curriculum', '동영상', '인프런', 'HOUR_3', '중', 'UNDER_50K', 51),
    (446, '[Spring Boot] 테스트 코드', 'https://sjh9708.tistory.com/195', '블로그', '블로그', 'HOUR_1', '하', 'FREE', 51),
    (447, 'Java/Spring 테스트를 추가하고 싶은 개발자들의 오답노트', 'https://www.inflearn.com/course/%EC%9E%90%EB%B0%94-%EC%8A%A4%ED%94%84%EB%A7%81-%ED%85%8C%EC%8A%A4%ED%8A%B8-%EA%B0%9C%EB%B0%9C%EC%9E%90-%EC%98%A4%EB%8B%B5%EB%85%B8%ED%8A%B8', '동영상', '인프런', 'HOUR_10', '중', 'UNDER_50K', 51),
    (448, '스프링부트 JUnit 테스트 - 시큐리티를 활용한 Bank 애플리케이션', 'https://www.inflearn.com/course/%EC%8A%A4%ED%94%84%EB%A7%81%EB%B6%80%ED%8A%B8-junit-%ED%85%8C%EC%8A%A4%ED%8A%B8', '동영상', '인프런', 'OVER_10', '중', 'UNDER_50K', 51),
    (449, 'Springboot Test(종합)', 'https://www.youtube.com/playlist?list=PLeMeDIV7bypssYJ4ezUDEru-39G1gwXvr', '동영상', '유튜브', 'HOUR_5', '상', 'FREE', 51),
    (450, 'Node.js - Express', 'https://www.inflearn.com/course/node-js-express#curriculum', '동영상', '인프런', 'HOUR_10', '중', 'FREE', 54),
    (451, 'Node.js, Express, MongoDB & More: The Complete Bootcamp', 'https://www.udemy.com/course/nodejs-express-mongodb-bootcamp/?couponCode=ST8MT220425G1', '동영상', '유데미', 'OVER_10', '상', 'BETWEEN_100K_200K', 54),
    (452, 'Node.js 및 Express로 백엔드 앱 개발하기', 'https://www.coursera.org/learn/developing-backend-apps-with-nodejs-and-express', '동영상', 'Coursera', 'OVER_10', '중', 'FREE', 54),
    (453, 'Node.js 및 Express를 사용한 RESTful 마이크로서비스 특화 과정', 'https://www.coursera.org/specializations/restful-microservices-using-node-js-and-express', '동영상', 'Coursera', 'OVER_10', '상', 'FREE', 54),
    (454, 'Node.js 백엔드 개발자 되기', 'https://ebook-product.kyobobook.co.kr/dig/epd/ebook/E000005200379', '책', '교보문고', 'OVER_10', '중', 'UNDER_50K', 54),
    (455, 'Node.js에 TypeScript 적용하기(feat. NodeBird)', 'https://www.inflearn.com/course/nodejs-typescript-%EC%A0%81%EC%9A%A9', '동영상', '인프런', 'HOUR_10', '중', 'UNDER_50K', 54),
    (456, 'Node.js 백엔드 서버 개발 소개(Fastify + Prisma + Typescript와 함께하는)', 'https://www.youtube.com/playlist?list=PLEU9vwKdoCqR9yTVGnfq1tIu5wPraKDV-', '동영상', '유튜브', 'HOUR_3', '중', 'FREE', 54),
    (457, 'WEB5 - Express Passport.js', 'https://www.inflearn.com/course/WEB5-Express-Passport-js', '동영상', '인프런', 'HOUR_3', '하', 'FREE', 54),
    (458, 'EXPRESS.JS: Learn Node! Node js & Express js - Master Nodejs', 'https://www.udemy.com/course/expressjs-learn-node-node-js-express-js-master-nodejs/?couponCode=ST8MT220425G1', '동영상', '유데미', 'OVER_10', '상', 'BETWEEN_50K_100K', 54),
    (459, 'Express JS #15 - Passport.js Authentication', 'https://www.youtube.com/watch?v=_lZUq39FGv0', '동영상', '유튜브', 'HOUR_1', '하', 'FREE', 54),
    (460, 'Unit Testing for Typescript & NodeJs Developers with Jest', 'https://www.udemy.com/course/unit-testing-typescript-nodejs', '동영상', '유데미', 'OVER_10', '중', 'BETWEEN_50K_100K', 54),
    (461, 'APTRS DOCS', 'https://aptrs.com/latest/custom-report/pdf/pdf/', '책', '공식문서', 'OVER_10', '중', 'FREE', 56),
    (462, 'Python Django CRM - Course', 'https://www.youtube.com/playlist?list=PLpyspNLjzwBka94O3ABYcRYk8IaBR8hXZ', '동영상', '유튜브', 'HOUR_10', '중', 'FREE', 56),
    (463, '작정하고 장고! Django REST Framework 편', 'https://www.youtube.com/playlist?list=PLQFurmxCuZ2Qmcl0TJame_N79kP2o7VzG', '동영상', '유튜브', 'HOUR_3', '하', 'FREE', 56),
    (464, 'django REST framework', 'https://www.django-rest-framework.org/', '책', '공식문서', 'OVER_10', '하', 'FREE', 56),
    (465, 'DjangoCRM', 'https://github.com/DjangoCRM/django-crm?tab=readme-ov-file', '책', 'GitHub', 'OVER_10', '하', 'FREE', 56),
    (466, 'Django REST Framework 핵심사항', 'https://www.inflearn.com/course/%EC%9E%A5%EA%B3%A0-drf', '동영상', '인프런', 'HOUR_5', '하', 'UNDER_50K', 56),
    (467, 'REST APIs with Flask and Python in 2025', 'https://www.udemy.com/course/rest-api-flask-and-python/?couponCode=ST8MT220425G1', '동영상', '유데미', 'OVER_10', '하', 'BETWEEN_100K_200K', 58),
    (468, 'marshmallow flask python', 'https://www.youtube.com/playlist?list=PLwbVI2LKRNRysiK1pLESNU6kNBSRxSj3I', '동영상', '유튜브', 'HOUR_5', '하', 'FREE', 58),
    (469, 'Python Web | Introduction To Flask SQLAlchemy | CRUD Operations', 'https://www.youtube.com/watch?v=wmIoQaLzhA4', '동영상', '유튜브', 'HOUR_1', '하', 'FREE', 58),
    (470, 'Flask SQLAlchemy', 'https://www.youtube.com/playlist?list=PLXmMXHVSvS-BlLA5beNJojJLlpE0PJgCW', '동영상', '유튜브', 'HOUR_10', '중', 'FREE', 58),
    (471, '[Flask] Flask-WTF을 이용한 form 사용하기', 'https://velog.io/@___pepper/Flask-Flask-WTF%EC%9D%84-%EC%9D%B4%EC%9A%A9%ED%95%9C-form-%EC%82%AC%EC%9A%A9%ED%95%98%EA%B8%B0', '블로그', '블로그', 'HOUR_1', '하', 'FREE', 58),
    (472, 'flask-marshmallow', 'https://github.com/marshmallow-code/flask-marshmallow', '책', 'GitHub', 'HOUR_1', '하', 'FREE', 58),
    (473, 'Flask-SQLAlchemy Docs', 'https://flask-sqlalchemy.readthedocs.io/en/stable/', '책', '공식문서', 'OVER_10', '하', 'FREE', 58),
    (474, 'Flask-Migrate', 'https://flask-migrate.readthedocs.io/en/latest/', '책', '공식문서', 'OVER_10', '하', 'FREE', 58),
    (475, 'Jenkins를 이용한 CI/CD Pipeline 구축', 'https://www.inflearn.com/course/%EC%A0%A0%ED%82%A8%EC%8A%A4-ci-cd-%ED%8C%8C%EC%9D%B4%ED%94%84%EB%9D%BC%EC%9D%B8', '동영상', '인프런', 'OVER_10', '하', 'BETWEEN_50K_100K', 53),
    (476, 'DevOps를 위한 Docker 가상화 기술(Private Harbor Registry)', 'https://www.inflearn.com/course/devops-docker-%EA%B0%80%EC%83%81%ED%99%94-%EA%B8%B0%EC%88%A0', '동영상', '인프런', 'OVER_10', '하', 'BETWEEN_50K_100K', 53),
    (477, '1시간만에 치킨 콤보값으로 배우는 서버 배포', 'https://www.inflearn.com/course/1%EC%8B%9C%EA%B0%84%EB%A7%8C%EC%97%90-%EC%B9%98%ED%82%A8%EC%BD%A4%EB%B3%B4%EA%B0%92-%EC%84%9C%EB%B2%84-%EB%B0%B0%ED%8F%AC', '동영상', '인프런', 'HOUR_1', '하', 'UNDER_50K', 53),
    (478, '그래서 웹서비스는 하나 만들었는데 배포는 어떻게 함?(AWS)', 'https://www.youtube.com/watch?v=cOUhREAWJNw', '동영상', '유튜브', 'HOUR_1', '하', 'FREE', 53),
    (479, 'AWS EC2 + Nginx + Docker + SpringBoot + GitHub Action 무중단 배포(Deploy)', 'https://www.youtube.com/playlist?list=PLcyPfaKZ8Ykg4OkqAhFgwLvASs5T_-UjE', '동영상', '유튜브', 'HOUR_5', '중', 'FREE', 53),
    (480, '스프링 부트로 만든 백엔드 서버 처음으로 AWS EC2에 배포해보기!', 'https://www.youtube.com/watch?v=-imYJdLJAU4', '동영상', '유튜브', 'HOUR_1', '하', 'FREE', 53),
    (481, '실전 대비! DevOps 인터뷰 완벽 정복 - 고급편', 'https://www.inflearn.com/course/%EB%8D%B0%EB%B8%8C%EC%98%B5%EC%8A%A4-%EC%9D%B8%ED%84%B0%EB%B7%B0-%EC%99%84%EB%B2%BD-%EC%A0%95%EB%B3%B5', '동영상', '인프런', 'HOUR_3', '상', 'UNDER_50K', 53),
    (482, '처음 시작하는 Infrastructure as Code : AWS & 테라폼', 'https://www.inflearn.com/course/%EB%8D%B0%EB%B8%8C%EC%98%B5%EC%8A%A4-%ED%85%8C%EB%9D%BC%ED%8F%BC-aws', '동영상', '인프런', 'HOUR_5', '중', 'UNDER_50K', 53),
    (483, '비전공자도 이해할 수 있는 CI/CD 입문 실전', 'https://www.inflearn.com/course/%EB%B9%84%EC%A0%84%EA%B3%B5%EC%9E%90-ci-cd-%EC%9E%85%EB%AC%B8-%EC%8B%A4%EC%A0%84', '동영상', '인프런', 'HOUR_10', '하', 'BETWEEN_50K_100K', 53),
    (484, '하루만에 배우는 express with AWS', 'https://www.inflearn.com/course/%ED%95%98%EB%A3%A8%EB%A7%8C%EC%97%90-%EB%A7%8C%EB%93%9C%EB%8A%94-express-aws', '동영상', '인프런', 'HOUR_10', '하', 'UNDER_50K', 55),
    (485, 'Node.js로 웹 서버 만들기 : Heroku로 배포하기', 'https://www.youtube.com/watch?v=igFgJ5KENy0', '동영상', '유튜브', 'HOUR_1', '하', 'FREE', 55),
    (486, '지금 당장 데브옵스 AWS', 'https://www.inflearn.com/course/지금-당장-데브옵스-aws', '책', '인프런', 'OVER_10', '하', 'UNDER_50K', 55),
    (487, 'AWS EC2 접속하기 | Node.js 서버 클라우드에 띄우기', 'https://www.youtube.com/watch?v=lzZ9KSGh6eI', '동영상', '유튜브', 'HOUR_1', '하', 'FREE', 55),
    (488, 'Serverless Framework Guide: API Gateway, AWS & Node.js', 'https://www.udemy.com/course/aws-lambda-serverless-framework-build-ecommerce-apis/?kw=node.js+server&src=sac&couponCode=ST8MT220425G1', '동영상', '유데미', 'OVER_10', '하', 'BETWEEN_50K_100K', 55),
    (489, '백엔드 서버 클릭 몇번으로 무료 배포하는 방법', 'https://www.youtube.com/watch?v=SGGebq48h3Y&t=77s', '동영상', '유튜브', 'HOUR_1', '하', 'FREE', 55),
    (490, 'Build and Deploy a NodeJS API', 'https://www.udemy.com/course/build-and-deploy-a-nodejs-api/?srsltid=AfmBOorHLtFnIM-wjvPYeKPWMEldz8PjHdnKktV-e8xf51ooPnsPGoWu&utm_source=chatgpt.com', '동영상', '유데미', 'HOUR_1', '상', 'FREE', 55),
    (491, 'Full Node.js Deployment to AWS - FREE SSL, NGINX | Node js HTTPS Server', 'https://www.youtube.com/watch?v=yhiuV6cqkNs', '동영상', '유튜브', 'HOUR_1', '상', 'FREE', 55),
    (492, 'Deploy NodeJS app with PM2 on AWS EC2 instance | Deploying NodeJS in AWS by AWS Avinash Reddy', 'https://www.youtube.com/watch?v=rI6Cr4QqUm4', '동영상', '유튜브', 'HOUR_1', '중', 'FREE', 55),
    (493, 'Deploying Node.js App With PM2', 'https://www.youtube.com/watch?v=RF6Dzwwpduo', '동영상', '유튜브', 'HOUR_1', '중', 'FREE', 55),
    (494, 'Vercel로 Flask 배포하기', 'https://velog.io/@seondal/Vercel-Flask-무료로-배포하기', '블로그', '블로그', 'HOUR_1', '하', 'FREE', 59),
    (495, '[Python] Flask + uWSGI + Nginx를 연결 및 배포', 'https://soyoung-new-challenge.tistory.com/118', '블로그', '블로그', 'HOUR_1', '하', 'FREE', 59),
    (496, 'Flask 또는 Django를 Production 서버로 배포(Deploy)하기', 'https://jay-flow.medium.com/flask-%EB%98%90%EB%8A%94-django%EB%A5%BC-production-%EC%84%9C%EB%B2%84%EB%A1%9C-%EB%B0%B0%ED%8F%AC-deploy-%ED%95%98%EA%B8%B0-1abadb0b941a', '블로그', '블로그', 'HOUR_1', '하', 'FREE', 59),
    (497, 'The Ultimate Flask Course', 'https://www.udemy.com/course/the-ultimate-flask-course/?couponCode=ST8MT220425G1', '동영상', '유데미', 'OVER_10', '중', 'UNDER_50K', 59),
    (498, 'How to Deploy a Python Flask App with Google Cloud Platform (GCP) on a Virtual Machine', 'https://youtu.be/NlO84jRTwPU?si=fwoBwPNSaXUYoOdw', '동영상', '유튜브', 'HOUR_1', '하', 'FREE', 59),
    (499, 'AWS 안쓰고 파이썬 플라스크 프로그램, 백엔드 서버 10분만에 http://fly.io 이용해서 배포하는 방법', 'https://youtu.be/9ZYB_bFRW8A?si=6iFrwUBB3rxTQp8J', '동영상', '유튜브', 'HOUR_1', '하', 'FREE', 59),
    (500, 'Flask 앱 CI/CD 파이프라인 만들고, 배포 5분만에 하기 | Azure Web App', 'https://youtu.be/huNRWtL-GF8?si=VnDjL0NDiHGFiCjS', '동영상', '유튜브', 'HOUR_1', '하', 'FREE', 59),
    (501, 'Azure 무료 VM으로 flask앱 배포하기 | 서버리스 flask 앱 배포와 비교', 'https://youtu.be/2ORb2g_dpCU?si=7XE9IBG836HcsPSz', '동영상', '유튜브', 'HOUR_1', '중', 'UNDER_50K', 59),
    (502, '[Azure] WebApp 생성 및 Flask 배포하기', 'https://dev-astra.tistory.com/384', '블로그', '블로그', 'HOUR_1', '하', 'FREE', 59),
    (503, 'Terraform을 사용하여 기본 Flask 웹 서버 배포', 'https://cloud.google.com/docs/terraform/get-started-with-terraform?hl=ko', '블로그', '블로그', 'HOUR_1', '상', 'FREE', 59),
    (504, 'Django 프로젝트 AWS EC2에 배포하기 - 터미널을 꺼도 서버 돌아가게 하자! (프리 티어)', 'https://woojin.tistory.com/36', '블로그', '블로그', 'HOUR_3', '하', 'FREE', 57),
    (505, 'Django 빠르게 배포하기', 'https://www.codeit.kr/topics/getting-started-with-django/lessons/3620', '동영상', '코드잇', 'HOUR_1', '하', 'BETWEEN_50K_100K', 57),
    (506, '10분만에 Django 프로젝트 Heroku에 배포하기 - [1시간만에 플러터/장고로 풀스택 퀴즈앱 만들기]', 'https://www.youtube.com/watch?v=9NnjMHxhqkI&list=PL3ilpnPyonYfztoBliWzrS6pzV8C5jxdR&index=6', '동영상', '유튜브', 'HOUR_1', '하', 'UNDER_50K', 57),
    (507, '파이썬 웹 프로그래밍 : FlyIO를 사용해 Django를 인터넷에 배포하기', 'https://www.youtube.com/watch?v=CkBIU6nvF2U', '동영상', '유튜브', 'HOUR_1', '하', 'FREE', 57),
    (508, 'Django EC2 배포하기', 'https://www.youtube.com/playlist?list=PLOemN3LiCpznbiEeM_XH9Lfzi6TM4cm_9', '동영상', '유튜브', 'HOUR_1', '하', 'FREE', 57),
    (509, '파이썬으로 장고(Django) 공략하기 : 입문', 'https://www.inflearn.com/course/django-course', '동영상', '인프런', 'HOUR_10', '하', 'UNDER_50K', 57),
    (510, '작정하고 장고! Django로 Pinterest 따라만들기 : 바닥부터 배포까지', 'https://www.inflearn.com/course/%EC%9E%A5%EA%B3%A0-%ED%95%80%ED%84%B0%EB%A0%88%EC%8A%A4%ED%8A%B8', '동영상', '인프런', 'OVER_10', '하', 'BETWEEN_50K_100K', 57),
    (511, 'Django 서비스 AWS로 배포하기', 'https://nerogarret.tistory.com/45', '블로그', '블로그', 'HOUR_3', '하', 'FREE', 57),
    (512, '[Django] Django 서비스 Azure로 배포하기(제일 빠르고 쉬운 방법)', 'https://medium.com/@heeee/django-django-%EC%84%9C%EB%B9%84%EC%8A%A4-azure%EB%A1%9C-%EB%B0%B0%ED%8F%AC%ED%95%98%EA%B8%B0-%EC%A0%9C%EC%9D%BC-%EB%B9%A0%EB%A5%B4%EA%B3%A0-%EC%89%AC%EC%9A%B4-%EB%B0%A9%EB%B2%95-7e7d2e005ed7', '블로그', '블로그', 'HOUR_3', '하', 'FREE', 57),
    (513, '제대로 파는 Git & GitHub', 'https://www.youtube.com/watch?v=1I3hMwQU6GU&ab_channel=%EC%96%84%ED%8C%8D%ED%95%9C%EC%BD%94%EB%94%A9%EC%82%AC%EC%A0%84', '동영상', '유튜브', 'HOUR_3', '하', 'FREE', 37),
    (514, '깃, 깃허브 제대로 배우기', 'https://www.youtube.com/watch?v=Z9dvM7qgN9s&ab_channel=%EB%93%9C%EB%A6%BC%EC%BD%94%EB%94%A9', '동영상', '유튜브', 'HOUR_1', '중', 'FREE', 37),
    (515, '깃 연습해보기', 'https://learngitbranching.js.org/?locale=ko', '블로그', '블로그', 'HOUR_1', '하', 'FREE', 37),
    (516, '제대로 파고드는 Git & GitHub - by 얄코(Yalco)', 'https://www.inflearn.com/course/%EC%A0%9C%EB%8C%80%EB%A1%9C-%ED%8C%8C%EB%8A%94-%EA%B9%83', '동영상', '인프런', 'HOUR_10', '중', 'UNDER_50K', 37),
    (517, '【한글자막】 Git & Github 실무 활용 완벽 가이드', 'https://www.udemy.com/course/best-git-github', '동영상', '유데미', 'OVER_10', '중', 'BETWEEN_100K_200K', 37),
    (518, 'Git 팀 작업을 자동화하는 방법 [Hooks와 커스텀 스크립트]', 'https://coding-by-head.tistory.com/entry/git-hook', '블로그', '블로그', 'HOUR_1', '중', 'FREE', 38),
    (519, 'Husky로 Git hooks 자동화하기(+ lint-staged, commitlint)', 'https://meoweundi.tistory.com/37', '블로그', '블로그', 'HOUR_3', '중', 'FREE', 38),
    (520, 'Git Hooks', 'https://www.atlassian.com/ko/git/tutorials/git-hooks', '블로그', '블로그', 'HOUR_3', '중', 'FREE', 38),
    (521, 'husky, lint-staged', 'https://deku.posstree.com/ko/react/husky-lint-staged/', '블로그', '블로그', 'HOUR_1', '중', 'FREE', 38),
    (522, 'Configuring husky pre-commit git hooks', 'https://www.youtube.com/watch?v=jGEkiljxvxU', '동영상', '유튜브', 'HOUR_1', '중', 'FREE', 38),
    (523, 'Git Project Setup with Husky, Conventional Commits, and branching strategies.', 'https://www.youtube.com/watch?app=desktop&v=jNxDNoYEGVU&t=1169s', '동영상', '유튜브', 'HOUR_1', '중', 'FREE', 38),
    (524, '코딩 자율학습 HTML + CSS + 자바스크립트', 'https://product.kyobobook.co.kr/detail/S000001834830', '책', '교보문고', 'OVER_10', '중', 'UNDER_50K', 41),
    (525, '모던 자바스크립트 Deep Dive', 'https://product.kyobobook.co.kr/detail/S000001766445', '책', '교보문고', 'OVER_10', '하', 'UNDER_50K', 41),
    (526, '바닐라 JS로 크롬 앱 만들기', 'https://nomadcoders.co/javascript-for-beginners', '동영상', '노마드코더', 'HOUR_10', '하', 'FREE', 41),
    (527, 'ES6의 정석', 'https://nomadcoders.co/es6-once-and-for-all', '동영상', '노마드코더', 'HOUR_10', '중', 'UNDER_50K', 41),
    (528, 'JavaScript 입문 수업', 'https://www.youtube.com/playlist?list=PLuHgQVnccGMA4uSig3hCjl7wTDeyIeZVU', '동영상', '유튜브', 'HOUR_10', '중', 'FREE', 41),
    (529, 'JavaScript Course for Beginners – Your First Step to Web Development', 'https://www.youtube.com/watch?v=W6NZfCO5SIk&ab_channel=ProgrammingwithMosh', '동영상', '유튜브', 'HOUR_1', '하', 'FREE', 41),
    (530, '모던 JavaScript 튜토리얼', 'https://ko.javascript.info/', '블로그', '블로그', 'OVER_10', '상', 'FREE', 41),
    (531, '견고한 JS 소프트웨어 만들기', 'https://www.inflearn.com/course/tdd-%EA%B2%AC%EA%B3%A0%ED%95%9C-%EC%86%8C%ED%94%84%ED%8A%B8%EC%9B%A8%EC%96%B4-%EB%A7%8C%EB%93%A4%EA%B8%B0', '동영상', '인프런', 'HOUR_3', '중', 'UNDER_50K', 41),
    (532, '실무에 바로 적용하는 AWS 배포', 'https://www.inflearn.com/course/%EC%8B%A4%EB%AC%B4-%EB%B0%94%EB%A1%9C-%EC%A0%81%EC%9A%A9%ED%95%98%EB%8A%94-aws-%EB%B0%B0%ED%8F%AC', '동영상', '인프런', 'HOUR_5', '상', 'BETWEEN_50K_100K', 31),
    (533, 'MERN STACK 커뮤니티 : 시작부터 배포까지 알려주는 React', 'https://www.inflearn.com/course/%ED%92%80%EC%8A%A4%ED%83%9D-%EC%BB%A4%EB%AE%A4%EB%8B%88%ED%8B%B0-mern', '동영상', '인프런', 'HOUR_10', '중', 'UNDER_50K', 31),
    (534, '애플리케이션 배포 자동화와 CI/CD', 'https://www.inflearn.com/course/%EC%95%A0%ED%94%8C%EB%A6%AC%EC%BC%80%EC%9D%B4%EC%85%98-%EB%B0%B0%ED%8F%AC-%EC%9E%90%EB%8F%99%ED%99%94-ci-cd', '동영상', '인프런', 'HOUR_3', '하', 'UNDER_50K', 31),
    (535, '【한글자막】 Docker & Kubernetes : 실전 가이드', 'https://www.udemy.com/course/docker-kubernetes-2022/?couponCode=CP130525', '동영상', '유데미', 'OVER_10', '중', 'BETWEEN_100K_200K', 31),
    (536, '그래서 웹서비스 하나 만들었는데 배포는 어떻게함? (AWS)', 'https://www.youtube.com/watch?v=cOUhREAWJNw', '동영상', '유튜브', 'HOUR_1', '하', 'FREE', 31),
    (537, '프론트 배포를 위한 잡다한 사전 지식', 'https://iborymagic.tistory.com/94', '블로그', '블로그', 'HOUR_3', '중', 'FREE', 31),
    (538, '단 한 번의 커밋으로 배포까지! 프론트엔드 자동화 전략', 'https://notforme.kr/%EB%8B%A8-%ED%95%9C-%EB%B2%88%EC%9D%98-%EC%BB%A4%EB%B0%8B%EC%9C%BC%EB%A1%9C-%EB%B0%B0%ED%8F%AC%EA%B9%8C%EC%A7%80-%ED%94%84%EB%A1%A0%ED%8A%B8%EC%97%94%EB%93%9C-%EC%9E%90%EB%8F%99%ED%99%94-%EC%A0%84/', '블로고', '블로그', 'HOUR_3', '중', 'FREE', 31),
    (539, 'AWS(Amazon Web Service) 입문자를 위한 강의', 'https://www.udemy.com/course/aws-beginner-sk/?couponCode=CP130525', '동영상', '유데미', 'HOUR_10', '하', 'BETWEEN_50K_100K', 32),
    (540, 'AWS S3 Basics', 'https://www.coursera.org/projects/aws-s3-basics', '동영상', 'Coursera', 'HOUR_3', '하', 'FREE', 32),
    (541, 'Hosting a Static Website (HTML/CSS/Javascript) in AWS S3', 'https://www.coursera.org/projects/hosting-static-web-site-aws', '동영상', 'Coursera', 'HOUR_1', '하', 'FREE', 32),
    (542, 'AWS 기본기', 'https://www.codeit.kr/topics/aws-basic', '동영상', '코드잇', 'HOUR_5', '중', 'FREE', 32),
    (543, '(LV.100)AWS의 파일 저장/관리의 필수서비스 : Amazon S3를 소개합니다!', 'https://www.youtube.com/watch?v=6sL80G4Pn7Y', '동영상', '유튜브', 'HOUR_1', '하', 'FREE', 32),
    (544, '[AWS] S3란 무엇인가', 'https://velog.io/@ghldjfldj/AWS-S3%EB%9E%80-%EB%AC%B4%EC%97%87%EC%9D%B8%EA%B0%80', '블로그', '블로그', 'HOUR_3', '중', 'FREE', 32),
    (545, 'AWS Cloudfront: Serve content from multiple S3 buckets', 'https://www.coursera.org/projects/aws-cloudfront-s3', '동영상', 'Coursera', 'HOUR_3', '중', 'FREE', 32),
    (546, 'Create an Amazon CloudFront Distribution and Website | Step-by-Step AWS CDN Tutorial for Beginners', 'https://www.youtube.com/watch?v=GUfAQUjA3a0', '동영상', '유튜브', 'HOUR_1', '하', 'FREE', 32),
    (547, 'Amazon CloudFront Developer Guide', 'https://product.kyobobook.co.kr/detail/S000045921004', '책', '교보문고', 'OVER_10', '상', 'BETWEEN_50K_100K', 32),
    (548, 'AWS S3와 CloudFront 연동 끝까지 가보기', 'https://akku-dev.tistory.com/153', '블로그', '블로그', 'HOUR_3', '중', 'FREE', 32);